gameStarted,0.04467713787085515
clientDevice,0.04275741710296684
newPlayer,0.04101221640488656
transaction,0.0343804537521815
missionStarted,0.024607329842931937
missionCompleted,0.022862129144851657
missionFailed,0.020767888307155324
missionAbandoned,0.015183246073298429
uiInteraction,0.01273996509598604
notificationServices,0.010471204188481676
levelUp,0.009947643979057591
appsFlyerAttribution,0.00924956369982548
notificationOpened,0.009075043630017453
engageResponse,0.008726003490401396
inviteSent,0.008027923211169284
tutorialCompleted,0.008027923211169284
giftSent,0.007678883071553229
shopEntered,0.007678883071553229
tutorialStarted,0.0075043630017452
boosterUsed,0.007329842931937173
tutorialStep,0.006806282722513089
loadStarted,0.0062827225130890054
options,0.005759162303664921
giftReceived,0.005759162303664921
gameEnded,0.005759162303664921
adShow,0.0054101221640488655
socialConnect,0.00506108202443281
adjustAttribution,0.004363001745200698
adClosed,0.004188481675392671
inviteReceived,0.004013961605584642
itemCollected,0.004013961605584642
outOfGameSend,0.0036649214659685864
adRequest,0.0036649214659685864
powerUpUsed,0.0031413612565445027
messageSent,0.0031413612565445027
postSent,0.0031413612565445027
social,0.0031413612565445027
levelStarted,0.0031413612565445027
achievement,0.002966841186736475
featureUnlocked,0.002792321116928447
itemActioned,0.002617801047120419
dailyBonusCollected,0.002443280977312391
messageReceived,0.002268760907504363
tutorial,0.0020942408376963353
levelCompleted,0.0020942408376963353
levelFailed,0.0020942408376963353
postReceived,0.0019197207678883072
productViewed,0.0019197207678883072
featureUsed,0.0019197207678883072
facebookLogin,0.0013961605584642235
setLanguage,0.0012216404886561956
registeredForPush,0.0010471204188481676
userRegistered,0.0010471204188481676
debug,0.0010471204188481676
coinsUsed,0.0010471204188481676
gameStart,0.0010471204188481676
gameServerRegistered,0.0010471204188481676
userCheated,0.0010471204188481676
viewShown,0.0010471204188481676
levelReached,0.0010471204188481676
viewClosed,0.0010471204188481676
levelStart,0.0010471204188481676
hintUsed,0.0010471204188481676
levelFinished,0.0010471204188481676
openPage,0.0010471204188481676
specialOfferInitialized,0.0010471204188481676
newScore,0.0010471204188481676
featureReceived,0.0008726003490401396
abTest,0.0008726003490401396
share,0.0008726003490401396
featureStarted,0.0008726003490401396
featureEnded,0.0008726003490401396
challengePlayerKicked,0.0008726003490401396
imageMessageAction,0.0008726003490401396
userOrphaned,0.0008726003490401396
updateUser,0.0008726003490401396
setUserAge,0.0008726003490401396
funnelStep,0.0008726003490401396
challengeChestOpened,0.0008726003490401396
rateGame,0.0008726003490401396
sessionEnd,0.0008726003490401396
dailyReward,0.0008726003490401396
ftueInteraction,0.0008726003490401396
tournamentCompleted,0.0008726003490401396
soomlaTbAdRevenue,0.0008726003490401396
onboarding,0.0008726003490401396
matchStarted,0.0008726003490401396
facebookShare,0.0006980802792321117
middle_button_fw,0.0006980802792321117
coinReceived,0.0006980802792321117
rvImpression,0.0006980802792321117
taskCompleted,0.0006980802792321117
error,0.0006980802792321117
ingameLoadStarted,0.0006980802792321117
itemsRecieved,0.0006980802792321117
facebookLogout,0.0006980802792321117
specialOfferBought,0.0006980802792321117
levelSuccess,0.0006980802792321117
ratingPrompt,0.0006980802792321117
tutorialComplete,0.0006980802792321117
matAttribution,0.0006980802792321117
adImpression,0.0006980802792321117
shopClicked,0.0006980802792321117
adWatched,0.0006980802792321117
levelPlayed,0.0006980802792321117
specialOfferReceived,0.0006980802792321117
sessionStarted,0.0006980802792321117
outOfLives,0.0006980802792321117
gameLoaded,0.0006980802792321117
crossPromo,0.0006980802792321117
specialOffer,0.0006980802792321117
gdprFlow,0.0006980802792321117
achievementUnlocked,0.0006980802792321117
themeHuntItemCollected,0.0006980802792321117
levelComplete,0.0006980802792321117
surveyResults,0.0006980802792321117
mapLoaded,0.0006980802792321117
videoOffer,0.0006980802792321117
coinAward,0.0006980802792321117
ftueStep,0.0006980802792321117
sessionStart,0.0006980802792321117
puzzleStarted,0.0006980802792321117
socialReward,0.0006980802792321117
fc_albumTap,0.0005235602094240838
photoTaken,0.0005235602094240838
coinsReceived,0.0005235602094240838
fc_moreTurn,0.0005235602094240838
kochavaAttribution,0.0005235602094240838
fc_offerConversion,0.0005235602094240838
powerupUsed,0.0005235602094240838
dailyMissionCompleted,0.0005235602094240838
fc_eCardSent,0.0005235602094240838
keysGateReceived,0.0005235602094240838
restoredUserItems,0.0005235602094240838
fc_sharePhoto,0.0005235602094240838
lemmingDeath,0.0005235602094240838
tutorialStart,0.0005235602094240838
fc_reloadMission,0.0005235602094240838
fc_buyCats,0.0005235602094240838
fc_halfWin,0.0005235602094240838
skillUsed,0.0005235602094240838
fc_unbox,0.0005235602094240838
rateUsAction,0.0005235602094240838
ticketsReceived,0.0005235602094240838
fc_fullWin,0.0005235602094240838
achievementCompleted,0.0005235602094240838
fyberNativeExceptionReceivedFromSDK,0.0005235602094240838
level_start,0.0005235602094240838
tbAdRevenue,0.0005235602094240838
storeEvent,0.0005235602094240838
fc_buyToys,0.0005235602094240838
fc_newShopTap,0.0005235602094240838
matchLost,0.0005235602094240838
fc_dataRecovery,0.0005235602094240838
usage,0.0005235602094240838
login,0.0005235602094240838
fc_coinPurchase,0.0005235602094240838
fc_extendGarden,0.0005235602094240838
appInstalled,0.0005235602094240838
fc_catGallop,0.0005235602094240838
iapFailed,0.0005235602094240838
worldCompleted,0.0005235602094240838
fc_tutorial,0.0005235602094240838
fc_rewardedAds,0.0005235602094240838
fc_tryClothes,0.0005235602094240838
fc_lose,0.0005235602094240838
dailyMissionStarted,0.0005235602094240838
promoImpression,0.0005235602094240838
fc_levelUp,0.0005235602094240838
advertStarted,0.0005235602094240838
fc_takePhoto,0.0005235602094240838
gateUnlocked,0.0005235602094240838
tournamentSubmitScore,0.0005235602094240838
fc_buyClothes,0.0005235602094240838
matchWon,0.0005235602094240838
fc_packageName,0.0005235602094240838
dailyBonus,0.0005235602094240838
fc_catPaw,0.0005235602094240838
transactionFail,0.0005235602094240838
fc_clothesShopPurchase,0.0005235602094240838
basicEvent,0.0005235602094240838
fc_buyBox,0.0005235602094240838
appUpdated,0.0005235602094240838
puzzleCompleted,0.0005235602094240838
lifeReceived,0.0005235602094240838
tallyDetails,0.0005235602094240838
facebookBackFill,0.0005235602094240838
fc_receipt,0.0005235602094240838
fc_match3GameEnd,0.0005235602094240838
gameOver,0.0005235602094240838
fc_catAngel,0.0005235602094240838
keysGateRequested,0.0005235602094240838
startLevel,0.0005235602094240838
level_played,0.0005235602094240838
purchase,0.0005235602094240838
lifeRequested,0.0005235602094240838
playButtonPressed,0.0005235602094240838
minigameStarted,0.0005235602094240838
rateUs,0.0005235602094240838
missionContinued,0.0005235602094240838
fc_inAppPurchase,0.0005235602094240838
fc_diamondUsed,0.0005235602094240838
fc_timeLimitedOffer,0.0005235602094240838
loginshards,0.00034904013961605586
purchaseAccessories,0.00034904013961605586
hobCompleted,0.00034904013961605586
fc_tapMail,0.00034904013961605586
fc_notification,0.00034904013961605586
item_use_saveme_cancelled,0.00034904013961605586
tutorialStepSpeedupHealQueue24,0.00034904013961605586
exitWardrobe,0.00034904013961605586
puzzleSkipped,0.00034904013961605586
purchaseExclusive,0.00034904013961605586
fb_button,0.00034904013961605586
fb_request,0.00034904013961605586
battletime,0.00034904013961605586
outOfResource,0.00034904013961605586
pref_help_close,0.00034904013961605586
photoShared,0.00034904013961605586
imageInterCompleted,0.00034904013961605586
chest_reached,0.00034904013961605586
requestHelpBuild,0.00034904013961605586
map_loading_time,0.00034904013961605586
purchaseRespin,0.00034904013961605586
mypage,0.00034904013961605586
removeitem,0.00034904013961605586
level_pause_open,0.00034904013961605586
twitter,0.00034904013961605586
ratingAnswer,0.00034904013961605586
item_purchase_oracle,0.00034904013961605586
pref_open,0.00034904013961605586
useContinue,0.00034904013961605586
tutorialStepBeginBuildingOne26,0.00034904013961605586
install,0.00034904013961605586
karmafyGroup,0.00034904013961605586
app_open,0.00034904013961605586
level_tutorial_4,0.00034904013961605586
fb_button_level_finish,0.00034904013961605586
gem_box_closed,0.00034904013961605586
additem,0.00034904013961605586
isTester,0.00034904013961605586
shop_payment,0.00034904013961605586
tutorialStepEnemyTeamDisembark02,0.00034904013961605586
uiRateUsPopupShow,0.00034904013961605586
item_init_purchase_oracle,0.00034904013961605586
facebookLoginFail,0.00034904013961605586
levelOpened,0.00034904013961605586
tutorialStepSpeedupBuildingThree31,0.00034904013961605586
tutorialStepEnterName33,0.00034904013961605586
tutorialStepSecondBattleThirdMove18,0.00034904013961605586
battlepowergem,0.00034904013961605586
tutorialStepGuideGreeting01,0.00034904013961605586
exhibitUpgraded,0.00034904013961605586
item_init_purchase_chronos,0.00034904013961605586
enterChallengeMenu,0.00034904013961605586
adsFreqSet,0.00034904013961605586
itemUsed,0.00034904013961605586
pref_sound_button,0.00034904013961605586
boostSelected,0.00034904013961605586
item_init_purchase_pickaxe,0.00034904013961605586
exitFameMap,0.00034904013961605586
tutorialStepFacebookLogin32,0.00034904013961605586
socialConnectFail,0.00034904013961605586
tutorialStepFirstBattleSecondMove13,0.00034904013961605586
changescreen,0.00034904013961605586
enterTips,0.00034904013961605586
facebookEvent,0.00034904013961605586
ftueFunnel,0.00034904013961605586
level_play,0.00034904013961605586
startLiveShow,0.00034904013961605586
purchaseRename,0.00034904013961605586
level_tutorial_21,0.00034904013961605586
busyBuilderShown,0.00034904013961605586
gachaConfirmationScreen,0.00034904013961605586
exitShop,0.00034904013961605586
openedStore,0.00034904013961605586
challengeWrapup,0.00034904013961605586
level_finish_loose,0.00034904013961605586
transitQuest,0.00034904013961605586
characterUpdated,0.00034904013961605586
chest_open,0.00034904013961605586
level_tutorial_1,0.00034904013961605586
inAppPurchaseException,0.00034904013961605586
battletypebegin,0.00034904013961605586
missionCompletedBeforeAftermath,0.00034904013961605586
showBundleOffer,0.00034904013961605586
item_use_chronos,0.00034904013961605586
boosterUsedAfterGame,0.00034904013961605586
updateFinish,0.00034904013961605586
tutorialStepBeginHealQueue23,0.00034904013961605586
level_tutorial_16,0.00034904013961605586
level_tutorial_2,0.00034904013961605586
missionOpened,0.00034904013961605586
toonFuseStart,0.00034904013961605586
level_finish_restart,0.00034904013961605586
pref_like_button,0.00034904013961605586
shop_open,0.00034904013961605586
item_use_pickaxe,0.00034904013961605586
item_purchase_pickaxe,0.00034904013961605586
swapProDancer,0.00034904013961605586
pvpStart,0.00034904013961605586
item_loose_life,0.00034904013961605586
boostRequested,0.00034904013961605586
tutorialStepComplete36,0.00034904013961605586
advertCanceled,0.00034904013961605586
tutorialStepBattleEnemyDefense10,0.00034904013961605586
loadtime,0.00034904013961605586
popupShown,0.00034904013961605586
mapLobby,0.00034904013961605586
worldMap_complete,0.00034904013961605586
updated_user,0.00034904013961605586
imageInterImpression,0.00034904013961605586
enterFAQ,0.00034904013961605586
tutorialStepSpeedupBuildingOne27,0.00034904013961605586
miniJobStart,0.00034904013961605586
killAllLemmings,0.00034904013961605586
finishBasicTraining,0.00034904013961605586
coins_payment_init,0.00034904013961605586
tutorialStepBeginBuildingThree30,0.00034904013961605586
dailyRewardCollect,0.00034904013961605586
coinSink,0.00034904013961605586
gem_box_view,0.00034904013961605586
item_use_crystal,0.00034904013961605586
attribution,0.00034904013961605586
rateRequest,0.00034904013961605586
rateGameClicked,0.00034904013961605586
funnel,0.00034904013961605586
item_use_saveme,0.00034904013961605586
toonHealItem,0.00034904013961605586
shopExited,0.00034904013961605586
item_use_quazar,0.00034904013961605586
tutorialStepGuideScared05,0.00034904013961605586
adReceived,0.00034904013961605586
tutorialStepEnteredBattle07,0.00034904013961605586
tutorialStepSecondBattleFirstMove16,0.00034904013961605586
tutorialStepSecondBattleKillEnemy20,0.00034904013961605586
play_button,0.00034904013961605586
battleWin,0.00034904013961605586
fc_receiveFish,0.00034904013961605586
clickedBakeEscapeLink,0.00034904013961605586
tutorialStepEnemyBossThreat03,0.00034904013961605586
caseStart,0.00034904013961605586
openGachaMenu,0.00034904013961605586
hobRankUp,0.00034904013961605586
itemBought,0.00034904013961605586
startBasicTraining,0.00034904013961605586
finishDilemma,0.00034904013961605586
fc_tapCatBook,0.00034904013961605586
resetTutorial,0.00034904013961605586
gameSuspended,0.00034904013961605586
fb_invitedFriends,0.00034904013961605586
buildingUpdate,0.00034904013961605586
pref_gamecenter_ach_open,0.00034904013961605586
UIInteraction,0.00034904013961605586
userProperties,0.00034904013961605586
viralSend,0.00034904013961605586
settings,0.00034904013961605586
battleForfeit,0.00034904013961605586
pref_fb_login_open,0.00034904013961605586
residenceCompletion,0.00034904013961605586
enterOptions,0.00034904013961605586
virtualCurrencyReward,0.00034904013961605586
finishLiveShow,0.00034904013961605586
enterBundleOffer,0.00034904013961605586
pveStart,0.00034904013961605586
shop_set_open,0.00034904013961605586
adDismissed,0.00034904013961605586
playtime_end,0.00034904013961605586
startupPackShown,0.00034904013961605586
fb_get_reward_button,0.00034904013961605586
missionSkipped,0.00034904013961605586
appsFlyer,0.00034904013961605586
tutorialStepBeginBuildingTwo28,0.00034904013961605586
level_finish_selfexit,0.00034904013961605586
no_lives_left,0.00034904013961605586
redeemCode,0.00034904013961605586
routeFound,0.00034904013961605586
videoRewardImpression,0.00034904013961605586
fc_giveFish,0.00034904013961605586
toonHeal,0.00034904013961605586
memoryStarted,0.00034904013961605586
fbconnect,0.00034904013961605586
visitedWizard,0.00034904013961605586
boostReceived,0.00034904013961605586
imageMessageButtonClicked,0.00034904013961605586
caseElementStart,0.00034904013961605586
pref_about_error_open,0.00034904013961605586
toonSell,0.00034904013961605586
claimedChallengeReward,0.00034904013961605586
userReviewInteraction,0.00034904013961605586
toonCollectPiece,0.00034904013961605586
item_purchase_key,0.00034904013961605586
miniGameSummary,0.00034904013961605586
fc_facebookSignUp,0.00034904013961605586
powerUsed,0.00034904013961605586
caseElementComplete,0.00034904013961605586
battleStart,0.00034904013961605586
fc_shopTap,0.00034904013961605586
enterGlitter,0.00034904013961605586
tutorialEvent,0.00034904013961605586
item_use_oracle,0.00034904013961605586
tutorialStepBattleFriendTaunt08,0.00034904013961605586
spinSummary,0.00034904013961605586
advertWatched,0.00034904013961605586
purchaseEnergy,0.00034904013961605586
questResult,0.00034904013961605586
enterShop,0.00034904013961605586
ftueRepeatEvent,0.00034904013961605586
connectToFacebook,0.00034904013961605586
tutorialStepSecondBattleKillEnemy20_2,0.00034904013961605586
playtime_start,0.00034904013961605586
currencyChange,0.00034904013961605586
item_use_saveme_free,0.00034904013961605586
facebookConnected,0.00034904013961605586
userField,0.00034904013961605586
videoAdView,0.00034904013961605586
level_finish_win,0.00034904013961605586
pref_lang_change,0.00034904013961605586
fc_sendRequest,0.00034904013961605586
transactionStarted,0.00034904013961605586
account_merged,0.00034904013961605586
level_tutorial_11,0.00034904013961605586
miniJobCollect,0.00034904013961605586
fc_userRating,0.00034904013961605586
exitTips,0.00034904013961605586
battletypeforfeit,0.00034904013961605586
toonEarn,0.00034904013961605586
exitTV,0.00034904013961605586
tutorialStepEnterHospital22,0.00034904013961605586
videoRewardCompleted,0.00034904013961605586
treasureItemEarned,0.00034904013961605586
enterWardrobe,0.00034904013961605586
combo,0.00034904013961605586
item_purchase_life,0.00034904013961605586
pref_help_list_open,0.00034904013961605586
attemptedPurchase,0.00034904013961605586
left_button_fw,0.00034904013961605586
tutorialSkipped,0.00034904013961605586
playGacha,0.00034904013961605586
coins_payment_performed,0.00034904013961605586
instructionExecuted,0.00034904013961605586
insufficientFundsExit,0.00034904013961605586
level_tutorial_6,0.00034904013961605586
mainScreen,0.00034904013961605586
unlockedMiniEvent,0.00034904013961605586
user_system,0.00034904013961605586
finishedClothingRecommend,0.00034904013961605586
loginStart,0.00034904013961605586
level_description_window_close,0.00034904013961605586
battlereject,0.00034904013961605586
tutorialStepFriendEnterFight06,0.00034904013961605586
viralResponse,0.00034904013961605586
app_loading_time,0.00034904013961605586
enterFameMap,0.00034904013961605586
pvpResult,0.00034904013961605586
pref_about_open,0.00034904013961605586
bonusCollected,0.00034904013961605586
buyMoves,0.00034904013961605586
tutorialStepBattleEnemyTaunt09,0.00034904013961605586
fc_sessionAccount,0.00034904013961605586
session_start,0.00034904013961605586
memoryCompleted,0.00034904013961605586
taskStarted,0.00034904013961605586
missionOutOfMoves,0.00034904013961605586
abilityactivate,0.00034904013961605586
finishDressRehearsal,0.00034904013961605586
placeBuilding,0.00034904013961605586
battlebomb,0.00034904013961605586
go_to_level_select_menu,0.00034904013961605586
push_notifications_request,0.00034904013961605586
exception,0.00034904013961605586
fb_login_get_reward_button_pressed,0.00034904013961605586
updateStart,0.00034904013961605586
coinSource,0.00034904013961605586
exitChallengeMenu,0.00034904013961605586
toonAddToTeam,0.00034904013961605586
hobStarted,0.00034904013961605586
gate_reached,0.00034904013961605586
interstitialAdShown,0.00034904013961605586
slugLevelUp,0.00034904013961605586
clientCapabilities,0.00034904013961605586
exitFollowUs,0.00034904013961605586
startDressRehearsal,0.00034904013961605586
fc_claimMission,0.00034904013961605586
fc_doubleRewardByAds,0.00034904013961605586
mapSegmentDoneDownloading,0.00034904013961605586
purchaseGachaBag,0.00034904013961605586
fb_reg,0.00034904013961605586
requestToon,0.00034904013961605586
failedDailyChallenge,0.00034904013961605586
upgradeBuilding,0.00034904013961605586
gateReached,0.00034904013961605586
tutorialStepPostBattleConfrontation21,0.00034904013961605586
tutorialStepEnemyTwoThreat04,0.00034904013961605586
loadTime,0.00034904013961605586
tutorialStepSecondBattleEnemyBossTaunt15,0.00034904013961605586
coinsEvent,0.00034904013961605586
videoRewardAwarded,0.00034904013961605586
completedDailyChallenge,0.00034904013961605586
skillEarned,0.00034904013961605586
item_purchase_chronos,0.00034904013961605586
enterTV,0.00034904013961605586
firstplayerwon,0.00034904013961605586
missionReceived,0.00034904013961605586
item_init_purchase_quazar,0.00034904013961605586
slugFoodSource,0.00034904013961605586
gateStateChanged,0.00034904013961605586
item_init_purchase_gate_pass,0.00034904013961605586
rvWatched,0.00034904013961605586
nameCharacter,0.00034904013961605586
playerlevelup,0.00034904013961605586
dailyFirstConnection,0.00034904013961605586
danceLevelledUp,0.00034904013961605586
level_started,0.00034904013961605586
waittime,0.00034904013961605586
reward_user,0.00034904013961605586
inAppPurchase,0.00034904013961605586
playAgain,0.00034904013961605586
item_init_purchase_key,0.00034904013961605586
fb_login_refuse_beggar,0.00034904013961605586
purchaseExtraMoves,0.00034904013961605586
first_install,0.00034904013961605586
megamorphStoneSource,0.00034904013961605586
gameRestarted,0.00034904013961605586
tutorialStepSecondBattleKillEnemy20_1,0.00034904013961605586
newSession,0.00034904013961605586
level_completed,0.00034904013961605586
socialGuestConnect,0.00034904013961605586
battlecancel,0.00034904013961605586
spentHardCash,0.00034904013961605586
fb_invite_friends_button,0.00034904013961605586
exitLeaderboard,0.00034904013961605586
fameRankUp,0.00034904013961605586
matchSummary,0.00034904013961605586
pref_gamecenter_leaderboard_open,0.00034904013961605586
toonEvoEnd,0.00034904013961605586
localNotificationStatus,0.00034904013961605586
level_tutorial_3,0.00034904013961605586
item_purchase_gate_pass,0.00034904013961605586
tutorialStepBattleEnemyBossAngry11,0.00034904013961605586
playerLevelUp,0.00034904013961605586
boxOpened,0.00034904013961605586
herolevelup,0.00034904013961605586
fastForward,0.00034904013961605586
tutorialStepFBPopup32_1,0.00034904013961605586
gemSink,0.00034904013961605586
fc_tapCatDetail,0.00034904013961605586
missionItemUsed,0.00034904013961605586
tutorialStepAttackMapOpened35,0.00034904013961605586
level_complete,0.00034904013961605586
dailyRewards,0.00034904013961605586
pref_help_open,0.00034904013961605586
pveResult,0.00034904013961605586
offerParticipation,0.00034904013961605586
help,0.00034904013961605586
battleentertime,0.00034904013961605586
tutorialStepSpeedupBuildingTwo29,0.00034904013961605586
item_init_purchase_lasso,0.00034904013961605586
pref_gc_connect_button,0.00034904013961605586
gates_open,0.00034904013961605586
worldMap_start,0.00034904013961605586
lineupResults,0.00034904013961605586
tutorialStepFirstBattleLastMove14,0.00034904013961605586
startDLC,0.00034904013961605586
item_purchase_crystal,0.00034904013961605586
megamorphStoneSink,0.00034904013961605586
exitGlitter,0.00034904013961605586
boosterUsedPreGame,0.00034904013961605586
purchaseLiveShowReplay,0.00034904013961605586
tutorialStepAttackMap34,0.00034904013961605586
miner_screen_tub,0.00034904013961605586
enterLeaderboard,0.00034904013961605586
rewarditem,0.00034904013961605586
item_init_purchase_crystal,0.00034904013961605586
tutorialStepSecondBattleSwap19,0.00034904013961605586
battleReplay,0.00034904013961605586
lives_shop_enter,0.00034904013961605586
pref_music_button,0.00034904013961605586
tenjinAttribution,0.00034904013961605586
fb_button_description_window,0.00034904013961605586
rvClicked,0.00034904013961605586
enterMapView,0.00034904013961605586
tutorialStepFirstBattleFirstMove12,0.00034904013961605586
battleampgem,0.00034904013961605586
tutorialStepExitHospital25,0.00034904013961605586
facebookInviteSucceeded,0.00034904013961605586
tutorialStepSecondBattleSecondMove17,0.00034904013961605586
tutorialStepSecondBattleKillEnemy20_3,0.00034904013961605586
item_purchase_quazar,0.00034904013961605586
chatSend,0.00034904013961605586
genderCharacter,0.00034904013961605586
tutorialStepFBConnect32_21,0.00034904013961605586
ftueMove,0.00034904013961605586
item_purchase_lasso,0.00034904013961605586
item_use_lasso,0.00034904013961605586
item_init_purchase_life,0.00034904013961605586
boosterUsedInGame,0.00034904013961605586
level_pause_pref,0.00034904013961605586
caseComplete,0.00034904013961605586
shop_close,0.00034904013961605586
advertising,0.00034904013961605586
purchaseProDancer,0.00034904013961605586
level_tutorial_17,0.00034904013961605586
purchaseFailed,0.00034904013961605586
ddnaABTest,0.00034904013961605586
facebook_connect,0.00034904013961605586
levelWon,0.00034904013961605586
proDilemma,0.00034904013961605586
endDLC,0.00034904013961605586
gemSource,0.00034904013961605586
battleLose,0.00034904013961605586
slugAcquired,0.00034904013961605586
exitOptions,0.00034904013961605586
loginFinish,0.00034904013961605586
inGameAction,0.00034904013961605586
facebookInviteAttempted,0.00034904013961605586
progress,0.00034904013961605586
toonFuseEnd,0.00034904013961605586
offlineConnect,0.00034904013961605586
game_launch,0.00034904013961605586
locate_me_button,0.00034904013961605586
battletypeend,0.00034904013961605586
boxAcquired,0.00034904013961605586
pref_about_close,0.00034904013961605586
adRequested,0.00034904013961605586
enterFollowUs,0.00034904013961605586
troopRefunded,0.00017452006980802793
swapMissionEvent,0.00017452006980802793
miniGame,0.00017452006980802793
eulaCompliance,0.00017452006980802793
aboutPopup,0.00017452006980802793
inAppStarted,0.00017452006980802793
minigameComplete,0.00017452006980802793
pressedPlay,0.00017452006980802793
homePauseButton,0.00017452006980802793
inicio_por_Push_de_volver,0.00017452006980802793
bti_loading_start,0.00017452006980802793
ftueWoodyLeanIn,0.00017452006980802793
getGold,0.00017452006980802793
tutorialStepFBSkip32_22,0.00017452006980802793
banco_desde_moneda_mapa,0.00017452006980802793
fc_featureShopShow,0.00017452006980802793
mfCloseConfirmed,0.00017452006980802793
lootItemUnlocked,0.00017452006980802793
transactionApp,0.00017452006980802793
characterUpgraded,0.00017452006980802793
buttonBackTapped,0.00017452006980802793
skip_level,0.00017452006980802793
vowel_E_purchaseComplete,0.00017452006980802793
buyTicketsOfferPanelButtonClicked,0.00017452006980802793
fc_faceShopShow,0.00017452006980802793
spinWheel_closed,0.00017452006980802793
level1Buttontapped,0.00017452006980802793
onRewardedChestRedeemed,0.00017452006980802793
puzzleRedeem,0.00017452006980802793
duelIssued,0.00017452006980802793
ftue_jugar_menu,0.00017452006980802793
rewardedVideoClicked,0.00017452006980802793
facebook_virality_invites,0.00017452006980802793
yarnMachineActivated,0.00017452006980802793
weeklyEvent,0.00017452006980802793
whaleOfferPurchased,0.00017452006980802793
secondChance_prompt,0.00017452006980802793
chapterCollectionCompleted,0.00017452006980802793
ad_chartboost_impression,0.00017452006980802793
ddna_101_LevelSuccess,0.00017452006980802793
lives_btn,0.00017452006980802793
evolutionBuddie,0.00017452006980802793
changeClass,0.00017452006980802793
popUpClosed,0.00017452006980802793
collectionPanelViewed,0.00017452006980802793
coins_pack4_purchaseComplete_game,0.00017452006980802793
bti_follow_facebook,0.00017452006980802793
tourStepCompleted,0.00017452006980802793
prizeSpin,0.00017452006980802793
recompensa,0.00017452006980802793
announcement_like,0.00017452006980802793
weeklyLevelStart,0.00017452006980802793
visitPauseScreenAd,0.00017452006980802793
multitask_009,0.00017452006980802793
bti_folow_twitter,0.00017452006980802793
bti_loading_end,0.00017452006980802793
hourlyBonusOpen,0.00017452006980802793
coins_pack6_purchaseFailed_game,0.00017452006980802793
shopClose,0.00017452006980802793
item_stock,0.00017452006980802793
clientDBaseId,0.00017452006980802793
inicio_por_Push_de_popup,0.00017452006980802793
ddna_302_AcceptMessageAll,0.00017452006980802793
reachedLevel,0.00017452006980802793
mapScreenShow,0.00017452006980802793
bti_mygames_current_start,0.00017452006980802793
video_view_life,0.00017452006980802793
coins_pack2_purchaseAttempt_map,0.00017452006980802793
socialInteraction,0.00017452006980802793
sessionFirstStart,0.00017452006980802793
minigameLost,0.00017452006980802793
ftue_popup_10_buyVowel,0.00017452006980802793
tutorialPetDispensed1,0.00017452006980802793
levelsChallengeEvent,0.00017452006980802793
bti_finished_challenge,0.00017452006980802793
minigamePrepared,0.00017452006980802793
reawrdedVideoFinish,0.00017452006980802793
shipAdded,0.00017452006980802793
fbConnection,0.00017452006980802793
videoAd,0.00017452006980802793
visitExternalURL,0.00017452006980802793
hourlyBonusFailed,0.00017452006980802793
ddna_001_PlayLevel,0.00017452006980802793
powerups_Comprados,0.00017452006980802793
downloadCompleted,0.00017452006980802793
localNotification,0.00017452006980802793
fd_claimWeeklyReward,0.00017452006980802793
ddna_310_RequestPassport,0.00017452006980802793
bossFailed,0.00017452006980802793
bti_mygames_previous_challenge_chosen,0.00017452006980802793
pgsAchievementAwarded,0.00017452006980802793
ftue_popup_8_bubbleSwap,0.00017452006980802793
bti_listen_track_results,0.00017452006980802793
shopMainScreenShow,0.00017452006980802793
levelreport,0.00017452006980802793
leaderboardWindowFacebookConnect,0.00017452006980802793
characterUnlocked,0.00017452006980802793
video_multiplicar_Visto,0.00017452006980802793
bti_main_menu_mybasket,0.00017452006980802793
openLootTokens,0.00017452006980802793
social_login,0.00017452006980802793
fd_unfriend,0.00017452006980802793
fc_itemPreview,0.00017452006980802793
gameAcess,0.00017452006980802793
bti_mygames_previous,0.00017452006980802793
tutorialEnterLetter,0.00017452006980802793
video_Visto,0.00017452006980802793
matchDrawn,0.00017452006980802793
dailyActive,0.00017452006980802793
missionFinished,0.00017452006980802793
ftue_popup_3_completePuzzle,0.00017452006980802793
puzzleaction,0.00017452006980802793
categoryUnlocked,0.00017452006980802793
iapPurchase,0.00017452006980802793
firstTimeUserExperience,0.00017452006980802793
treasureEarned,0.00017452006980802793
settingsWindowOpened,0.00017452006980802793
deltaDNA_sale_campaign_refused,0.00017452006980802793
stickerUsed,0.00017452006980802793
vowelStore_open,0.00017452006980802793
ticketsVideoOfferPanelButtonClicked,0.00017452006980802793
tutorialJunkDispensed1,0.00017452006980802793
bti_h2h_rechallenge,0.00017452006980802793
guiScene,0.00017452006980802793
heartsEvent,0.00017452006980802793
bti_results_watchlist,0.00017452006980802793
bti_main_menu_invitefriend,0.00017452006980802793
killPower,0.00017452006980802793
level2ButtonTapped,0.00017452006980802793
bti_h2hResult,0.00017452006980802793
limitedOfferClicked,0.00017452006980802793
challengeFail,0.00017452006980802793
viewPermaShop,0.00017452006980802793
actionFTUE8,0.00017452006980802793
registerExternal,0.00017452006980802793
reward_shown,0.00017452006980802793
mfInterstitialFinished,0.00017452006980802793
gachaEquip,0.00017452006980802793
wheelSpin,0.00017452006980802793
retirada,0.00017452006980802793
fd_coinUse,0.00017452006980802793
bti_mygames_current,0.00017452006980802793
game_unlockMilestone,0.00017452006980802793
mineStarted,0.00017452006980802793
packSelectionScreenOpened,0.00017452006980802793
secondOfferShow,0.00017452006980802793
actionFTUE1,0.00017452006980802793
ddna_120_GameBoardAction,0.00017452006980802793
web_loading_time,0.00017452006980802793
magicBoxSpin,0.00017452006980802793
notificationEvent,0.00017452006980802793
inviteRewarded,0.00017452006980802793
about_policy_btn,0.00017452006980802793
feedbackButton,0.00017452006980802793
fBLoginFirst,0.00017452006980802793
soundOn,0.00017452006980802793
listPopupClosed,0.00017452006980802793
sellBuilding,0.00017452006980802793
coins_pack4_purchaseFailed_game,0.00017452006980802793
fd_userRating,0.00017452006980802793
referral_link_referred_install_reward,0.00017452006980802793
mfBuyBoltsFailed,0.00017452006980802793
fc_rechargeCamera,0.00017452006980802793
statusReport,0.00017452006980802793
mainMenuShown,0.00017452006980802793
game_restartGame,0.00017452006980802793
gameComplete,0.00017452006980802793
facebookShareCompleted,0.00017452006980802793
scoreMultiplyerDecline,0.00017452006980802793
pgsConnection,0.00017452006980802793
multitask_007,0.00017452006980802793
levelSummary_prompt,0.00017452006980802793
levelStats,0.00017452006980802793
restartUsed,0.00017452006980802793
permanentShopOpen,0.00017452006980802793
killedAllLemmings,0.00017452006980802793
purchaseProcessing,0.00017452006980802793
ascendHelper,0.00017452006980802793
videoWatched,0.00017452006980802793
push_custom_yes_clicked,0.00017452006980802793
petBought,0.00017452006980802793
puzzle_Quest_Complete,0.00017452006980802793
rvStart,0.00017452006980802793
iapProductSelect,0.00017452006980802793
petbotEquipped,0.00017452006980802793
consumed_campaign,0.00017452006980802793
miniGameLevelUp,0.00017452006980802793
getBuddie,0.00017452006980802793
gameEventCompleted,0.00017452006980802793
connectivityCheck,0.00017452006980802793
heartSend,0.00017452006980802793
appStart,0.00017452006980802793
genericEvent,0.00017452006980802793
bti_resume_challenge,0.00017452006980802793
appPerformance,0.00017452006980802793
coins_pack5_purchaseAttempt_game,0.00017452006980802793
coins_pack1_purchaseComplete_game,0.00017452006980802793
placeUnlocked,0.00017452006980802793
minimapEvent,0.00017452006980802793
level_failed,0.00017452006980802793
gameActionClaim,0.00017452006980802793
turnSubmitted,0.00017452006980802793
openChest,0.00017452006980802793
tutorialFinished,0.00017452006980802793
playerFeedback,0.00017452006980802793
tutorialJunkSaved2,0.00017452006980802793
questionUnlocked,0.00017452006980802793
puzzleContinued,0.00017452006980802793
mfBuyCoinsSucceeded,0.00017452006980802793
successRate,0.00017452006980802793
tutorialSquadWarMiniEventClosed06,0.00017452006980802793
selectItem,0.00017452006980802793
move1,0.00017452006980802793
matchResult,0.00017452006980802793
cubesCollected,0.00017452006980802793
fd_clothesShopPurchase,0.00017452006980802793
bti_main_menu_leaderboards,0.00017452006980802793
dailymissionbigrewardcollected,0.00017452006980802793
mergedCharacter,0.00017452006980802793
spinWheel_charged,0.00017452006980802793
missionAborted,0.00017452006980802793
audioAcess,0.00017452006980802793
gameInfo,0.00017452006980802793
seasonalBoosterSelect,0.00017452006980802793
freezetimeSelect,0.00017452006980802793
fd_campaignMissionCompleted,0.00017452006980802793
wonLevel,0.00017452006980802793
gateFinished,0.00017452006980802793
facebookShareFailed,0.00017452006980802793
ruleta_ultima_oportunidad_Cancelada,0.00017452006980802793
ftueStepCompleted,0.00017452006980802793
iapShopView,0.00017452006980802793
newsShown,0.00017452006980802793
powerUpButtonPressed,0.00017452006980802793
dailyEvent,0.00017452006980802793
ftue_facebook_estrellas,0.00017452006980802793
consumable,0.00017452006980802793
opina_like,0.00017452006980802793
lem_SuspendGame,0.00017452006980802793
viewAbout,0.00017452006980802793
leaderboardWindowOpenFailed,0.00017452006980802793
deviceMatched,0.00017452006980802793
accountConnected,0.00017452006980802793
viewAdvertisement,0.00017452006980802793
powerupTutorialClosed,0.00017452006980802793
offerImpression,0.00017452006980802793
levelCompletedThreeInARow,0.00017452006980802793
attemptIAP,0.00017452006980802793
sideQuest,0.00017452006980802793
dailyPuzzleCompleted,0.00017452006980802793
multitask_006,0.00017452006980802793
ddna_104_LevelPlayFirst,0.00017452006980802793
levelDashEnded,0.00017452006980802793
replayRecord,0.00017452006980802793
inAppSuccess,0.00017452006980802793
sentFacebookRequests,0.00017452006980802793
firstPetSaved,0.00017452006980802793
worldStarted,0.00017452006980802793
lem_MusicToggle,0.00017452006980802793
iosgc_connect,0.00017452006980802793
accountLinked,0.00017452006980802793
initTimeToInteractFirst,0.00017452006980802793
socialAction,0.00017452006980802793
tutorialJunkDispensed2,0.00017452006980802793
mfGameFinished,0.00017452006980802793
startGameDialogShown,0.00017452006980802793
coins_pack3_purchaseAttempt_map,0.00017452006980802793
shopRegret,0.00017452006980802793
goldbar_source_by_level,0.00017452006980802793
uiOpenClose,0.00017452006980802793
coins_pack1_purchaseFailed_map,0.00017452006980802793
levelStartedThreeInARow,0.00017452006980802793
coinProviderReward,0.00017452006980802793
levelEnd,0.00017452006980802793
mfRemoveAdsSucceeded,0.00017452006980802793
multitask_001,0.00017452006980802793
goldBar_sinks_by_level,0.00017452006980802793
babyWantsImpressions,0.00017452006980802793
tutorialJunkDispensed3,0.00017452006980802793
dailyBoosterGet,0.00017452006980802793
chef_box_source_event,0.00017452006980802793
checkEnergy,0.00017452006980802793
fd_moreLives,0.00017452006980802793
deepLink,0.00017452006980802793
mfSecondGameStarted,0.00017452006980802793
levelUpReached,0.00017452006980802793
missionFailedAgain,0.00017452006980802793
mfTutorialChainCompleted,0.00017452006980802793
ftue_popup_2_collectLetters,0.00017452006980802793
facebookOfferPanelShareFailed,0.00017452006980802793
videoAdStarted,0.00017452006980802793
buyItem,0.00017452006980802793
bti_h2h_random_search,0.00017452006980802793
in_app_purchase,0.00017452006980802793
banco_desde_comprar_powerups,0.00017452006980802793
makePower,0.00017452006980802793
buyLives,0.00017452006980802793
buyExtraTry,0.00017452006980802793
mfApplicationReturningFromBackground,0.00017452006980802793
bandPerkUsed,0.00017452006980802793
scoreMultiplyerFinished,0.00017452006980802793
missionCompleteEvent,0.00017452006980802793
inAppFailed,0.00017452006980802793
ftueLevelLoaded,0.00017452006980802793
canvasChange,0.00017452006980802793
app_rating,0.00017452006980802793
socialPlataform,0.00017452006980802793
bti_leaderboard_filter_changed,0.00017452006980802793
fd_visitHouse,0.00017452006980802793
nav_ui_boughtproduct,0.00017452006980802793
petLost,0.00017452006980802793
ddna_406_VisitExternalURL,0.00017452006980802793
coins_pack6_purchaseAttempt_game,0.00017452006980802793
spendBehavior,0.00017452006980802793
tuto2_Pasado,0.00017452006980802793
econItemPurchased,0.00017452006980802793
fc_crossPromotionClick,0.00017452006980802793
bti_listen_track_backet,0.00017452006980802793
hourlyBonusCollect,0.00017452006980802793
mfInterstitialStarted,0.00017452006980802793
ddna_255_SelectItem,0.00017452006980802793
shipUpgraded,0.00017452006980802793
helpShiftClose,0.00017452006980802793
adsRewardGet,0.00017452006980802793
coins_pack6_purchaseAttempt_map,0.00017452006980802793
leftSquad,0.00017452006980802793
importantUserEvent,0.00017452006980802793
selectGold,0.00017452006980802793
pointsChanged,0.00017452006980802793
pushPopupShown,0.00017452006980802793
stageOpened,0.00017452006980802793
facebookInviteButtonClicked,0.00017452006980802793
oferta_Comprada,0.00017452006980802793
ftue_platillo_menu,0.00017452006980802793
video_vida_Visto,0.00017452006980802793
seasonalLevelFailure,0.00017452006980802793
boosterInventory,0.00017452006980802793
tutorialLevel1Load,0.00017452006980802793
eventCompleted,0.00017452006980802793
earnCoinsButtonTapped,0.00017452006980802793
pgsGameStarted,0.00017452006980802793
lives_source,0.00017452006980802793
battleWave,0.00017452006980802793
tutorialPetDispensed3,0.00017452006980802793
game_splash,0.00017452006980802793
watchBakeReceived,0.00017452006980802793
adUse,0.00017452006980802793
lootDelivery,0.00017452006980802793
cpPlayClicked,0.00017452006980802793
lives_event,0.00017452006980802793
stargoldbar_count_lvlend,0.00017452006980802793
progressGateAdWatched,0.00017452006980802793
pgsConnectAttempt,0.00017452006980802793
buyMoreLemmingsGold,0.00017452006980802793
sharedFB,0.00017452006980802793
attributeLevelsCheck,0.00017452006980802793
sellCat,0.00017452006980802793
ftueLevelCanComplete,0.00017452006980802793
ftue_opciones_menu,0.00017452006980802793
shipSold,0.00017452006980802793
dailySpin,0.00017452006980802793
coinsGained,0.00017452006980802793
cpMenuRendered,0.00017452006980802793
cloudLoadChoose,0.00017452006980802793
fd_extendSpace,0.00017452006980802793
instructionPlaced,0.00017452006980802793
mfGameStarted,0.00017452006980802793
zombieKilled,0.00017452006980802793
smoothie_Add,0.00017452006980802793
dailyUnlockKeyAdsGet,0.00017452006980802793
validateinstall,0.00017452006980802793
tuto5_Pasado,0.00017452006980802793
deeplinkEngaged,0.00017452006980802793
fTUELevel4Completed,0.00017452006980802793
missionQuit,0.00017452006980802793
characterSold,0.00017452006980802793
demoVersionWindowOpened,0.00017452006980802793
mfInterstitialAttemptedToShow,0.00017452006980802793
adDisplayed,0.00017452006980802793
gp_gm_firstkill,0.00017452006980802793
usePowerup,0.00017452006980802793
tutorialStepFBSkipConfirm32_221,0.00017452006980802793
about_support_btn,0.00017452006980802793
windowClosed,0.00017452006980802793
in_app_purchase_server,0.00017452006980802793
gameReady,0.00017452006980802793
ageGate,0.00017452006980802793
bti_email_complete_registration,0.00017452006980802793
getChest,0.00017452006980802793
replayButtonClicked,0.00017452006980802793
awardCurrency,0.00017452006980802793
playerLevelUpEvent,0.00017452006980802793
packCompleted,0.00017452006980802793
puzzle_Tutorial,0.00017452006980802793
rate_Attempt,0.00017452006980802793
appInviteSent,0.00017452006980802793
match_length,0.00017452006980802793
firstRun,0.00017452006980802793
special_offer_select,0.00017452006980802793
match,0.00017452006980802793
failIAP,0.00017452006980802793
categoryCompleted,0.00017452006980802793
troopDisenchanted,0.00017452006980802793
lem_HeartEmbeddedObtained,0.00017452006980802793
jukeBoxSongPlayed,0.00017452006980802793
ad_watched,0.00017452006980802793
languageSelect,0.00017452006980802793
app_Exit,0.00017452006980802793
tutorialPetSaved3,0.00017452006980802793
missionStartedAgain,0.00017452006980802793
continueButton,0.00017452006980802793
tutorialAllPetsSafe3,0.00017452006980802793
missionQuitAgain,0.00017452006980802793
localPushScheduled,0.00017452006980802793
puzzle_Shuffle,0.00017452006980802793
game_buyCoins,0.00017452006980802793
guildCreated,0.00017452006980802793
ftue_tuto4_terminado,0.00017452006980802793
ftueUseSuper,0.00017452006980802793
game_buyScenario,0.00017452006980802793
fb_btn_invite,0.00017452006980802793
ftue_tuto4_iniciado,0.00017452006980802793
multichestDR,0.00017452006980802793
multitask_005,0.00017452006980802793
gachaStarted,0.00017452006980802793
mfFirstGameChainCompleted,0.00017452006980802793
getGoldFirst,0.00017452006980802793
gameIntro,0.00017452006980802793
tutorialJunkSaved1,0.00017452006980802793
special_event_click_once,0.00017452006980802793
battlebegin,0.00017452006980802793
cpFbClicked,0.00017452006980802793
tutorialBoxDraggedToLocation1,0.00017452006980802793
extra_moves_purchase,0.00017452006980802793
button_clicked,0.00017452006980802793
ftue_estrellas_mapa,0.00017452006980802793
outOfMoves,0.00017452006980802793
minigameBought,0.00017452006980802793
inicio_por_Push_de_ruleta,0.00017452006980802793
weaponGained,0.00017452006980802793
nameEntered,0.00017452006980802793
duelAccepted,0.00017452006980802793
multitask_008,0.00017452006980802793
ticketsBalanceChanged,0.00017452006980802793
skillUpgraded,0.00017452006980802793
initTimeToInteract,0.00017452006980802793
soundOff,0.00017452006980802793
gachaViewed,0.00017452006980802793
playerAccount,0.00017452006980802793
imageMessageResponse,0.00017452006980802793
journal_task,0.00017452006980802793
startedWatchingStory,0.00017452006980802793
ruleta_diaria_Cancelada,0.00017452006980802793
facebook_Post_record_superado,0.00017452006980802793
fc_hatShopShow,0.00017452006980802793
bti_start_challenge,0.00017452006980802793
mission_updated,0.00017452006980802793
gp_gm_quitlevel,0.00017452006980802793
playCompleted,0.00017452006980802793
chartboostBackfill,0.00017452006980802793
accountInfo,0.00017452006980802793
compra_Anulada,0.00017452006980802793
userAutorized,0.00017452006980802793
vowelStore_closed,0.00017452006980802793
introWheelSpin_open,0.00017452006980802793
legalButtonPressed,0.00017452006980802793
shuffleEvent,0.00017452006980802793
unlockTheme,0.00017452006980802793
hint_Use,0.00017452006980802793
facebook_Pedir_vida,0.00017452006980802793
mostrarOfertaEspecial,0.00017452006980802793
minigameView,0.00017452006980802793
settings_bgm_btn,0.00017452006980802793
spendMoneyOfType,0.00017452006980802793
undo,0.00017452006980802793
bossEnter,0.00017452006980802793
emojiSetCompleteEvent,0.00017452006980802793
viewMessages,0.00017452006980802793
ftue_tuto5_iniciado,0.00017452006980802793
squadCreated,0.00017452006980802793
watchedTutorial,0.00017452006980802793
first_gems_add,0.00017452006980802793
rewardedVideoStarted,0.00017452006980802793
mfBundleVersion,0.00017452006980802793
progressReset,0.00017452006980802793
pressedHelp,0.00017452006980802793
ddna_203_GetGold,0.00017452006980802793
categorySelectionScreenOpened,0.00017452006980802793
totalPlayTime,0.00017452006980802793
helpShiftOpen,0.00017452006980802793
referral_link_referred_user_count,0.00017452006980802793
bagCompleted,0.00017452006980802793
currencyEvent,0.00017452006980802793
gp_gm_startcheckpoint,0.00017452006980802793
showVideo,0.00017452006980802793
buyWithCoins,0.00017452006980802793
bti_track_answered_challenge,0.00017452006980802793
facebook_Invitacion,0.00017452006980802793
answerRiddle,0.00017452006980802793
level_rated,0.00017452006980802793
spinWheel_iap_open,0.00017452006980802793
unlockKingdom,0.00017452006980802793
actionFTUE21,0.00017452006980802793
reward_viewed,0.00017452006980802793
characterAdded,0.00017452006980802793
social_logout,0.00017452006980802793
premiumHurry,0.00017452006980802793
flowEvent,0.00017452006980802793
actionFTUE5,0.00017452006980802793
actionFTUE19,0.00017452006980802793
shopVisited,0.00017452006980802793
iapProductPurchase,0.00017452006980802793
newUser,0.00017452006980802793
getClickTonel,0.00017452006980802793
heartflurryGet,0.00017452006980802793
popupHidden,0.00017452006980802793
achievementCollected,0.00017452006980802793
facebook_friends,0.00017452006980802793
requestPassport,0.00017452006980802793
simpleInitialLoading,0.00017452006980802793
shopClosed,0.00017452006980802793
playend,0.00017452006980802793
fd_buildDecoration,0.00017452006980802793
levelAbort,0.00017452006980802793
storevisit,0.00017452006980802793
promoShown,0.00017452006980802793
gp_gm_startlevel,0.00017452006980802793
offerWallSelect,0.00017452006980802793
starEarned,0.00017452006980802793
bti_gameplayEnded,0.00017452006980802793
rateGameImpression,0.00017452006980802793
spinWheel_iap_closed,0.00017452006980802793
ftueCheckpoint,0.00017452006980802793
battleEvent,0.00017452006980802793
fb_btn_connect_map,0.00017452006980802793
challengestart,0.00017452006980802793
failedLevel,0.00017452006980802793
storyProgressed,0.00017452006980802793
payerToday,0.00017452006980802793
nav_ui_levelintroscreenviewed,0.00017452006980802793
userStats,0.00017452006980802793
countryUnlock,0.00017452006980802793
fTUELevel2Completed,0.00017452006980802793
panningStarted,0.00017452006980802793
enteredSeasonSelect,0.00017452006980802793
modifierUsed,0.00017452006980802793
finishedWatchingStory,0.00017452006980802793
cruiseShipEvent,0.00017452006980802793
gameCrashed,0.00017452006980802793
easterEggFound,0.00017452006980802793
weeklyBoosterUse,0.00017452006980802793
pausePrompt_resume_btn,0.00017452006980802793
bandUpdated,0.00017452006980802793
levelSessionStats,0.00017452006980802793
leaderboardSelect,0.00017452006980802793
missionGoalCompleted,0.00017452006980802793
actionFTUE10,0.00017452006980802793
policyButtonPressed,0.00017452006980802793
tuto4_Pasado,0.00017452006980802793
first_gems_sub,0.00017452006980802793
purchaseCancelled,0.00017452006980802793
loadingStatus,0.00017452006980802793
singerUnboxed,0.00017452006980802793
tutorialStepCompleted,0.00017452006980802793
itemsReceived,0.00017452006980802793
bti_post_twitter,0.00017452006980802793
fbconnect_failed,0.00017452006980802793
levelContinue,0.00017452006980802793
bti_mycharts_choose_bundle,0.00017452006980802793
bti_mygames_current_decline,0.00017452006980802793
bonusStarted,0.00017452006980802793
passportReceive,0.00017452006980802793
missionAssignedEvent,0.00017452006980802793
editor,0.00017452006980802793
econSubTransactionEvent,0.00017452006980802793
useGUI,0.00017452006980802793
bti_no_connection_window,0.00017452006980802793
tutorialPhaseCompleted,0.00017452006980802793
gameLaunched,0.00017452006980802793
gp_gm_death,0.00017452006980802793
tipShown,0.00017452006980802793
sessionCompleted,0.00017452006980802793
passportSend,0.00017452006980802793
noAdsSubscriptionTrialEnded,0.00017452006980802793
coins_pack2_purchaseComplete_map,0.00017452006980802793
inviteFriendSent,0.00017452006980802793
bti_h2h_facebook,0.00017452006980802793
paintUsed,0.00017452006980802793
notEnoughEnergy,0.00017452006980802793
fd_diamondUsed,0.00017452006980802793
nodeWon,0.00017452006980802793
versionInfo,0.00017452006980802793
firstiap,0.00017452006980802793
convertRubiesPopupClosed,0.00017452006980802793
levelExit,0.00017452006980802793
shipLevelledUp,0.00017452006980802793
push_enabled,0.00017452006980802793
tutorialStepFBConnectFail32_212,0.00017452006980802793
ticketsGained,0.00017452006980802793
coins_pack5_purchaseFailed_game,0.00017452006980802793
coins_pack5_purchaseComplete_game,0.00017452006980802793
coins_pack5_purchaseAttempt_map,0.00017452006980802793
weeklyLevelFailure,0.00017452006980802793
ddna_005_HeartOut,0.00017452006980802793
bti_mygames_challenge_resuls,0.00017452006980802793
bti_openShop,0.00017452006980802793
buyPolygon,0.00017452006980802793
orbAppear,0.00017452006980802793
coins_pack1_purchaseAttempt_map,0.00017452006980802793
adPicked,0.00017452006980802793
initialLoading,0.00017452006980802793
multitask_002,0.00017452006980802793
shopAction,0.00017452006980802793
recompensaCastillo,0.00017452006980802793
advertAbandoned,0.00017452006980802793
iap,0.00017452006980802793
mfSecondGameFinished,0.00017452006980802793
fc_neckShopShow,0.00017452006980802793
verifiedTransaction,0.00017452006980802793
getMorePowerUpsButtonPressed,0.00017452006980802793
ruleta_diaria_Video_Visto,0.00017452006980802793
troopOfferPopup,0.00017452006980802793
uiEvent,0.00017452006980802793
squadSocialPurchase,0.00017452006980802793
dailyUnlockKeyGet,0.00017452006980802793
videoInteraction,0.00017452006980802793
conversionEventHelperOffer,0.00017452006980802793
featuresetend,0.00017452006980802793
minePlayed,0.00017452006980802793
fc_liveOpsEventResult,0.00017452006980802793
featuresetstart,0.00017452006980802793
mfApplicationGoingToBackground,0.00017452006980802793
fd_offerConversion,0.00017452006980802793
wordDefined,0.00017452006980802793
nodeLost,0.00017452006980802793
cpFirstMoveAction,0.00017452006980802793
minigameResultsInFinishedComposite,0.00017452006980802793
userSwitch,0.00017452006980802793
tutorialForceComplete,0.00017452006980802793
storeClosed,0.00017452006980802793
chapterCollectionItemCollected,0.00017452006980802793
shufflePower,0.00017452006980802793
mobileUpsellPopup,0.00017452006980802793
stageCompleted,0.00017452006980802793
facebookInterstitialShow,0.00017452006980802793
cuteyPuffPowerUsed,0.00017452006980802793
settings_sfx_btn,0.00017452006980802793
creatureUpdate,0.00017452006980802793
comic_strip,0.00017452006980802793
boosterUse,0.00017452006980802793
ratingComplete,0.00017452006980802793
ruleta_diaria_Lanzada,0.00017452006980802793
actionFTUE12,0.00017452006980802793
pgsHack,0.00017452006980802793
diamondsGained,0.00017452006980802793
circleChampionRoundStart,0.00017452006980802793
coins_pack4_purchaseAttempt_game,0.00017452006980802793
push_disabled_os,0.00017452006980802793
bti_addCoins,0.00017452006980802793
adventCalendar,0.00017452006980802793
toonEvoStart,0.00017452006980802793
bti_mygames_current_nudge,0.00017452006980802793
loadingstart,0.00017452006980802793
fBLogin,0.00017452006980802793
iapShopExit,0.00017452006980802793
viewGoldShop,0.00017452006980802793
troopGained,0.00017452006980802793
moreLivesClosed,0.00017452006980802793
circleChampionRoundComplete,0.00017452006980802793
push_notifications,0.00017452006980802793
ddnaForgetMe,0.00017452006980802793
viewUGC,0.00017452006980802793
replayTriggered,0.00017452006980802793
coins_pack4_purchaseFailed_map,0.00017452006980802793
freeSpins,0.00017452006980802793
savegame,0.00017452006980802793
bti_buyEnergyLittle,0.00017452006980802793
tweenError,0.00017452006980802793
rateMarketEvent,0.00017452006980802793
ratePopup,0.00017452006980802793
tutorialClicked,0.00017452006980802793
missionStoryCompleted,0.00017452006980802793
troopAscended,0.00017452006980802793
papaQuest,0.00017452006980802793
facebook_virality_giftssent,0.00017452006980802793
selfieTaken,0.00017452006980802793
duelError,0.00017452006980802793
pushNotificationClicked,0.00017452006980802793
push_custom_shown,0.00017452006980802793
gp_gm_firstmove,0.00017452006980802793
ad_video_view_completed,0.00017452006980802793
play_btn,0.00017452006980802793
fd_inAppPurchase,0.00017452006980802793
bagStarted,0.00017452006980802793
mfContactCS,0.00017452006980802793
menuHidden,0.00017452006980802793
movePerformed,0.00017452006980802793
buyCat,0.00017452006980802793
madeFirstMoveEver,0.00017452006980802793
catBellsStore,0.00017452006980802793
facebook_Dar_vida,0.00017452006980802793
adCallbackFired,0.00017452006980802793
skillActivated,0.00017452006980802793
playLevel,0.00017452006980802793
answerSpree,0.00017452006980802793
bootedFromSquad,0.00017452006980802793
fd_sharePhoto,0.00017452006980802793
rewardreceived,0.00017452006980802793
bti_restart_challenge,0.00017452006980802793
actionFTUE18,0.00017452006980802793
games_played,0.00017452006980802793
hintMenuClicked,0.00017452006980802793
ddna_004_HeartOutFirst,0.00017452006980802793
ftueUseRainbow,0.00017452006980802793
funnelFlow,0.00017452006980802793
cpPlayMatchClicked,0.00017452006980802793
ftue_logo_o_germen_menu,0.00017452006980802793
networkPerformanceMetric,0.00017452006980802793
bti_post_facebook,0.00017452006980802793
currencySpent,0.00017452006980802793
screenShown,0.00017452006980802793
tutorialUse10Letters,0.00017452006980802793
app_Load,0.00017452006980802793
loginCompleted,0.00017452006980802793
troopTrained,0.00017452006980802793
playgame,0.00017452006980802793
promoReceived,0.00017452006980802793
missionclick,0.00017452006980802793
vowel_O_purchaseComplete,0.00017452006980802793
pgsConnectSucceeded,0.00017452006980802793
bti_tutorialSkip,0.00017452006980802793
mateBegin,0.00017452006980802793
fd_crossPromotion,0.00017452006980802793
seasonalRewards,0.00017452006980802793
fd_albumTap,0.00017452006980802793
accessoryBought,0.00017452006980802793
loginTime,0.00017452006980802793
productDownloadFailed,0.00017452006980802793
useBooster,0.00017452006980802793
push_notifications_custom,0.00017452006980802793
facebookInviteFailed,0.00017452006980802793
coins_pack1_purchaseComplete_map,0.00017452006980802793
vowelStore_purchasedLetter,0.00017452006980802793
levelUpCompleted,0.00017452006980802793
screenChange,0.00017452006980802793
popUpShowed,0.00017452006980802793
levelFailedThreeInARow,0.00017452006980802793
duck_you_factor,0.00017452006980802793
panningPlayed,0.00017452006980802793
bti_add_track_results,0.00017452006980802793
ftue_opciones_mapa,0.00017452006980802793
notificationDialogShown,0.00017452006980802793
tutorialStepFBSkipConnect32_222,0.00017452006980802793
settingChanged,0.00017452006980802793
fTUEStep,0.00017452006980802793
facebookInviteCompleted,0.00017452006980802793
ddna_003_VisitFacebook,0.00017452006980802793
socialFBConnect,0.00017452006980802793
levelUpKingdom,0.00017452006980802793
out_of_lives,0.00017452006980802793
levels,0.00017452006980802793
ftue_tuto2_terminado,0.00017452006980802793
heartRequest,0.00017452006980802793
ftueFirstShot,0.00017452006980802793
vowel_U_purchaseComplete,0.00017452006980802793
rewardedVideoShow,0.00017452006980802793
zeroLives,0.00017452006980802793
actionFTUE6,0.00017452006980802793
tutorialSquadWarLeaderboardLoaded03,0.00017452006980802793
questionCompleted,0.00017452006980802793
introWheelSpin_closed,0.00017452006980802793
costume_equipped,0.00017452006980802793
dailyPuzzleUnlocked,0.00017452006980802793
cpEndOfMovesRendered,0.00017452006980802793
scoreMultiplyerSelect,0.00017452006980802793
jwlSysJwlUpgradeBuy,0.00017452006980802793
socialConnection,0.00017452006980802793
nextLevel,0.00017452006980802793
dailymissioncompleted,0.00017452006980802793
playerStatus,0.00017452006980802793
gamemap,0.00017452006980802793
scoreMultiplyerAccepted,0.00017452006980802793
gameResult,0.00017452006980802793
fd_spaceUnlocked,0.00017452006980802793
bti_main_menu_solo,0.00017452006980802793
econCoreTransactionEvent,0.00017452006980802793
chef_level_upgrade_event,0.00017452006980802793
roundCompleted,0.00017452006980802793
buyPowerUpsOfferPanelButtonClicked,0.00017452006980802793
iapEvent,0.00017452006980802793
objetivos_sin_1_estrella,0.00017452006980802793
gp_gm_firstshot,0.00017452006980802793
ticketCollectButtonPressed,0.00017452006980802793
librarycontent,0.00017452006980802793
viewPopup,0.00017452006980802793
tutorialSkipPopup,0.00017452006980802793
shopUninitialized,0.00017452006980802793
levelSelectionScreenOpened,0.00017452006980802793
seasonalLeaved,0.00017452006980802793
cpEndOfMovesClosed,0.00017452006980802793
gp_gm_pressedquitfromoutofmonkeys,0.00017452006980802793
tutorialStepped,0.00017452006980802793
bti_gameplayStarted,0.00017452006980802793
ftueTutorialPopup,0.00017452006980802793
ui_interaction,0.00017452006980802793
highScoreAchieved,0.00017452006980802793
startDay,0.00017452006980802793
emojiCollectionProgress,0.00017452006980802793
coinStore_open,0.00017452006980802793
mateEnd,0.00017452006980802793
buildCompleted,0.00017452006980802793
tutorialSquadWarCompleted08,0.00017452006980802793
missionContinue,0.00017452006980802793
friendadd,0.00017452006980802793
achievementClaimed,0.00017452006980802793
fb_gift_received,0.00017452006980802793
hintMenuOpened,0.00017452006980802793
guildWarRegistered,0.00017452006980802793
bti_tryWatchVideoEnergy,0.00017452006980802793
storeOpened,0.00017452006980802793
vowel_O_purchaseAttempt,0.00017452006980802793
conversionEventLocationBooster,0.00017452006980802793
rewardedVideoCompleted,0.00017452006980802793
game_launch_once,0.00017452006980802793
doublerTriggered,0.00017452006980802793
pgsGlobalLeaderboardRank,0.00017452006980802793
fbInvite,0.00017452006980802793
rewardedAd,0.00017452006980802793
openGate,0.00017452006980802793
passportRequest,0.00017452006980802793
smurfUnlocked,0.00017452006980802793
coinStore_btn,0.00017452006980802793
sub_pack_purchased,0.00017452006980802793
levelshare,0.00017452006980802793
cpEndOfMovesBuy,0.00017452006980802793
allianceActioned,0.00017452006980802793
ddna_303_AcceptMessageSome,0.00017452006980802793
todaysDailyStarted,0.00017452006980802793
jwlSysJwlUpgradeTimeBuyOut,0.00017452006980802793
gachaPurchased,0.00017452006980802793
ad_Banner_Failed,0.00017452006980802793
convertedToMedicTiles,0.00017452006980802793
eventActivated,0.00017452006980802793
coins_pack2_purchaseFailed_game,0.00017452006980802793
userPressOnLetter,0.00017452006980802793
ftue_tuto3_terminado,0.00017452006980802793
basicTutorialV2,0.00017452006980802793
firstItemFunnel,0.00017452006980802793
game_exitGame,0.00017452006980802793
tourStarted,0.00017452006980802793
spin_wheel_combo_reward,0.00017452006980802793
pushRegistered,0.00017452006980802793
special_event_reward_claim,0.00017452006980802793
coins_pack6_purchaseComplete_map,0.00017452006980802793
settings_about_btn,0.00017452006980802793
game_buyPowerup,0.00017452006980802793
unlimitedLivesPopup,0.00017452006980802793
deepLinked,0.00017452006980802793
leaderboardWindowClosed,0.00017452006980802793
level_failures,0.00017452006980802793
battlewin,0.00017452006980802793
local_Notification,0.00017452006980802793
dialogOpened,0.00017452006980802793
ftue_opciones_juego,0.00017452006980802793
rateAppAction,0.00017452006980802793
bti_accept_challenge,0.00017452006980802793
teamUpdate,0.00017452006980802793
viewHeartShop,0.00017452006980802793
itemEquip,0.00017452006980802793
powerUpEarned,0.00017452006980802793
fc_getSocialEvent,0.00017452006980802793
supportButtonPressed,0.00017452006980802793
charLevelUp,0.00017452006980802793
bti_gameplayCombo,0.00017452006980802793
changeDifficulty,0.00017452006980802793
rewardedVideoPointReached,0.00017452006980802793
game_gameOver,0.00017452006980802793
fbRetentionNotification,0.00017452006980802793
gameBoardAction,0.00017452006980802793
worldMap_open,0.00017452006980802793
tourEnded,0.00017452006980802793
vowelStore_btn,0.00017452006980802793
chef_box_sink_event,0.00017452006980802793
fd_addFriend,0.00017452006980802793
dailyQuest,0.00017452006980802793
ftueLevelSelected,0.00017452006980802793
sentinelUpgraded,0.00017452006980802793
mfCloseCancelled,0.00017452006980802793
performance,0.00017452006980802793
mfUnblockUsed,0.00017452006980802793
seasonalBoosterGet,0.00017452006980802793
achievementunlocked,0.00017452006980802793
nav_ui_leveloutroscreenviewed,0.00017452006980802793
videoAdWatched,0.00017452006980802793
missionTurnP2,0.00017452006980802793
payToProceed,0.00017452006980802793
freeTrialSubStarted,0.00017452006980802793
vidas_Ilimitadas_compradas,0.00017452006980802793
ammoFired,0.00017452006980802793
enemyPassed,0.00017452006980802793
bti_remove_track_basket,0.00017452006980802793
facebookInviteTracker,0.00017452006980802793
buyCoinsButtonTapped,0.00017452006980802793
fTUELevel3Completed,0.00017452006980802793
ftueMoves,0.00017452006980802793
petFound,0.00017452006980802793
playerUpdate,0.00017452006980802793
engagement,0.00017452006980802793
heartReceive,0.00017452006980802793
fd_inviteFriend,0.00017452006980802793
coinsSource,0.00017452006980802793
vowel_E_purchaseAttempt,0.00017452006980802793
cloudLoadSelect,0.00017452006980802793
subscription,0.00017452006980802793
nav_ui_levelpackviewed,0.00017452006980802793
mfRateAppPopup,0.00017452006980802793
receiptvalidationiap,0.00017452006980802793
dogNamed,0.00017452006980802793
iap_befor_validation,0.00017452006980802793
privacy,0.00017452006980802793
mfFirstGameCloseButtonTouched,0.00017452006980802793
cardCollected,0.00017452006980802793
inviteFriendReceiveReward,0.00017452006980802793
guiUndo,0.00017452006980802793
newWorldUnlocked,0.00017452006980802793
reward_claimed,0.00017452006980802793
advertCompleted,0.00017452006980802793
offlineCoinsGained,0.00017452006980802793
panningRestarted,0.00017452006980802793
firstUserExperience,0.00017452006980802793
levelUpSoulForge,0.00017452006980802793
pause_btn,0.00017452006980802793
bossPassed,0.00017452006980802793
spinWheel_charged_clicked,0.00017452006980802793
dailyLevelFailure,0.00017452006980802793
squadWarRewardCollect,0.00017452006980802793
videoAds,0.00017452006980802793
referral_link_user_installed,0.00017452006980802793
social_share,0.00017452006980802793
transaction2,0.00017452006980802793
coinSpawned,0.00017452006980802793
gp_gm_controllersused,0.00017452006980802793
fc_coinUse,0.00017452006980802793
screenOpened,0.00017452006980802793
matchEnded,0.00017452006980802793
creditsButtonPressed,0.00017452006980802793
ddna_304_RequestHeart,0.00017452006980802793
dailyLevelStart,0.00017452006980802793
powerUpsVideoOfferPanelButtonClicked,0.00017452006980802793
banco_desde_dialogo_sin_vidas,0.00017452006980802793
banco_Monedas_Seleccionadas,0.00017452006980802793
charAssigned,0.00017452006980802793
nav_ui_ingamescreenviewed,0.00017452006980802793
levelPlayFirst,0.00017452006980802793
bti_results_replay,0.00017452006980802793
powerup_Utilizado,0.00017452006980802793
ad_Interstitial_Failed,0.00017452006980802793
about_terms_btn,0.00017452006980802793
haveFunPopup,0.00017452006980802793
tutorialAllPetsSafe1,0.00017452006980802793
levelReplay,0.00017452006980802793
guiReset,0.00017452006980802793
levelSuccessFirst,0.00017452006980802793
ddna_404_VisitPauseScreenAd,0.00017452006980802793
pressedPlayFirstTime,0.00017452006980802793
bti_email_start_registration,0.00017452006980802793
tutorialSquadWarEarnPointsClicked04,0.00017452006980802793
mineLoading,0.00017452006980802793
ad_interaction,0.00017452006980802793
bti_device_registration,0.00017452006980802793
basicsTutorial,0.00017452006980802793
fd_liveOpsEventResult,0.00017452006980802793
squadJoin,0.00017452006980802793
bti_main_menu_h2h,0.00017452006980802793
treasureBoxCompleted,0.00017452006980802793
tutorialPlay,0.00017452006980802793
spinEvent,0.00017452006980802793
petLevelUp,0.00017452006980802793
purchase_status,0.00017452006980802793
sendHeart,0.00017452006980802793
transaction_failed,0.00017452006980802793
losePrompt_retry_btn,0.00017452006980802793
sub_chef_unlock_event,0.00017452006980802793
levelRestarted,0.00017452006980802793
modifierSpawned,0.00017452006980802793
adsRewardSelect,0.00017452006980802793
weeklyUnlockCoolDownGet,0.00017452006980802793
video_movimientos_Visto,0.00017452006980802793
progressGateUnlocked,0.00017452006980802793
pgsAccessTokenExpired,0.00017452006980802793
finishDay,0.00017452006980802793
interstitialAd,0.00017452006980802793
gameSparks,0.00017452006980802793
nav_ui_levelpackpurchased,0.00017452006980802793
register,0.00017452006980802793
last_screen_befor_quit,0.00017452006980802793
fd_rewardedAds,0.00017452006980802793
fc_stickerClick,0.00017452006980802793
juego_iniciado_sin_vidas,0.00017452006980802793
profileSwitched,0.00017452006980802793
weeklyUnlockCoolDownSelect,0.00017452006980802793
spendCurrency,0.00017452006980802793
earnMoney,0.00017452006980802793
tutorialBoxPickedUp2,0.00017452006980802793
vida_Perdida,0.00017452006980802793
lem_SFXToggle,0.00017452006980802793
solveEvent,0.00017452006980802793
coins_pack3_purchaseComplete_game,0.00017452006980802793
guildTaskCompleted,0.00017452006980802793
adWatch,0.00017452006980802793
productDownloaded,0.00017452006980802793
app_First_Tap,0.00017452006980802793
cuteyPuffLevelUp,0.00017452006980802793
pveResume,0.00017452006980802793
disconnectedPanelViewed,0.00017452006980802793
gamePlay,0.00017452006980802793
spinWheel_iap_purchaseComplete,0.00017452006980802793
fc_freeStuff,0.00017452006980802793
rateScreenDone,0.00017452006980802793
passportGet,0.00017452006980802793
noAdsSubscriptionTrialExtended,0.00017452006980802793
ticketsSpent,0.00017452006980802793
dailyBoosterSelect,0.00017452006980802793
abTestEngageDdnaUserFacebookUserJoin,0.00017452006980802793
ftueLevelCompleted,0.00017452006980802793
buyPowerup,0.00017452006980802793
facebookLoginStatus,0.00017452006980802793
actionFTUE13,0.00017452006980802793
coinTapped,0.00017452006980802793
weeklyBoosterGet,0.00017452006980802793
praxiskitredeemed,0.00017452006980802793
ftue_vidas_mapa,0.00017452006980802793
gameBooted,0.00017452006980802793
sharedTwitter,0.00017452006980802793
semmembership,0.00017452006980802793
pantalla_Pasada_ftue,0.00017452006980802793
ddna_006_DailyActive,0.00017452006980802793
inviteOfferShown,0.00017452006980802793
fountainUsed,0.00017452006980802793
pantalla_Pasada,0.00017452006980802793
tutorialSquadWarStatueShown01,0.00017452006980802793
gp_gm_checkpoint,0.00017452006980802793
nav_ui_monkeyreplenishmentscreenviewed,0.00017452006980802793
levelProgress,0.00017452006980802793
specialBlocks,0.00017452006980802793
windowAutorizationShown,0.00017452006980802793
userUpdate,0.00017452006980802793
demoVersionWindowBuyButtonClicked,0.00017452006980802793
adAttempted,0.00017452006980802793
playerAction,0.00017452006980802793
deepLinkProcessed,0.00017452006980802793
fd_packageName,0.00017452006980802793
charFed,0.00017452006980802793
termsOfService,0.00017452006980802793
wordMarked,0.00017452006980802793
tutorialGeneral,0.00017452006980802793
heartOut,0.00017452006980802793
basicTutorialV3,0.00017452006980802793
fbconnect_connected,0.00017452006980802793
noAdsSubscriptionSubscribed,0.00017452006980802793
vowel_I_purchaseComplete,0.00017452006980802793
retryLevel,0.00017452006980802793
ftue_tuto3_iniciado,0.00017452006980802793
game_booster_dialogue,0.00017452006980802793
noChemicalsResponse,0.00017452006980802793
ftue_popup_7_fillDrain,0.00017452006980802793
wentToGriddition,0.00017452006980802793
videoAdFailed,0.00017452006980802793
guiBigScreenshot,0.00017452006980802793
levelEnded,0.00017452006980802793
difficultyFallback,0.00017452006980802793
facebookFriendBeatenSelect,0.00017452006980802793
banco_Monedas_Compradas,0.00017452006980802793
gameSessionStarted,0.00017452006980802793
skillRankChanged,0.00017452006980802793
vida_Perdida_ftue,0.00017452006980802793
boosterGet,0.00017452006980802793
timeUp,0.00017452006980802793
new_world_close_press,0.00017452006980802793
gold_spend,0.00017452006980802793
livesVideoOfferPanelButtonClicked,0.00017452006980802793
dailyPrize,0.00017452006980802793
uI_Notification_Set,0.00017452006980802793
fd_levelUp,0.00017452006980802793
visitComingSoonAd,0.00017452006980802793
endlessRunStart,0.00017452006980802793
ftue_monedas_mapa,0.00017452006980802793
mfUnblockTimerExpired,0.00017452006980802793
achievementGot,0.00017452006980802793
mateHurry,0.00017452006980802793
banco_desde_comprar_movimientos,0.00017452006980802793
dailyBoosterUse,0.00017452006980802793
episodeComplete,0.00017452006980802793
gp_gm_quitappwhileplaying,0.00017452006980802793
dailyUnlockKeyAdsSelect,0.00017452006980802793
facebookInviteSent,0.00017452006980802793
ratingScreen,0.00017452006980802793
ratingShown,0.00017452006980802793
missionCompletedFirstTime,0.00017452006980802793
uI_Popup,0.00017452006980802793
shopOpen,0.00017452006980802793
ftueMapLoaded,0.00017452006980802793
action,0.00017452006980802793
minigameFinished,0.00017452006980802793
connectionErrorPopupOpened,0.00017452006980802793
missionRunEnd,0.00017452006980802793
totalBundleTime,0.00017452006980802793
bakeOrder,0.00017452006980802793
notificationsEnabled,0.00017452006980802793
missionBonused,0.00017452006980802793
level3ButtonTapped,0.00017452006980802793
inventoryUsed,0.00017452006980802793
tollbooth_passed,0.00017452006980802793
guildChestUpgraded,0.00017452006980802793
appRatingRequested,0.00017452006980802793
dialogComplete,0.00017452006980802793
playmob,0.00017452006980802793
recompensaDiaria,0.00017452006980802793
coins_pack1_purchaseFailed_game,0.00017452006980802793
playerSwiped,0.00017452006980802793
justaCompletada,0.00017452006980802793
missionOutOfPossibleMoves,0.00017452006980802793
bti_changeAvatar,0.00017452006980802793
crmPanelViewed,0.00017452006980802793
charItem,0.00017452006980802793
dailyUnlockKeySelect,0.00017452006980802793
offer,0.00017452006980802793
rateResult,0.00017452006980802793
facebookInvite,0.00017452006980802793
mfConnectionStatus,0.00017452006980802793
nnGamesAttribution,0.00017452006980802793
ftue_popup_6_finger,0.00017452006980802793
powerUpItemUsed,0.00017452006980802793
guiControl,0.00017452006980802793
userWatchedExtraMovesFreeBee,0.00017452006980802793
buyBuilding,0.00017452006980802793
battlelose,0.00017452006980802793
ftueIntro,0.00017452006980802793
push_disabled_custom,0.00017452006980802793
selectLevel,0.00017452006980802793
purchaseSucess,0.00017452006980802793
catBellsSpent,0.00017452006980802793
showFreeReshuffle,0.00017452006980802793
ftue_tuto1_iniciado,0.00017452006980802793
rateScreenStarted,0.00017452006980802793
matchComplete,0.00017452006980802793
gp_gm_objective,0.00017452006980802793
facebookOfferPanelShareButtonClicked,0.00017452006980802793
focusLost,0.00017452006980802793
vowel_A_purchaseComplete,0.00017452006980802793
gp_gm_firstmoveandshoot,0.00017452006980802793
banco_Cancelado,0.00017452006980802793
inGameMsgShown,0.00017452006980802793
facebookSendLives,0.00017452006980802793
unexpectedErrorInStore,0.00017452006980802793
puzzleCreationStarted,0.00017452006980802793
unlockClass,0.00017452006980802793
rvEnd,0.00017452006980802793
ddna_102_LevelFailed,0.00017452006980802793
dDiffSegmInit,0.00017452006980802793
ftue_tuto1b_terminado,0.00017452006980802793
chatSent,0.00017452006980802793
ddna_105_LevelSuccessFirst,0.00017452006980802793
mfTutorialGemTouched,0.00017452006980802793
roomEntered,0.00017452006980802793
adVideo,0.00017452006980802793
tutorialLevel2Load,0.00017452006980802793
appLifecycle,0.00017452006980802793
passLevel,0.00017452006980802793
connect,0.00017452006980802793
fb_btn_share,0.00017452006980802793
nav_ui_boughtmonkeys,0.00017452006980802793
mfPlayerCreated,0.00017452006980802793
vowel_A_purchaseAttempt,0.00017452006980802793
yardInteraction,0.00017452006980802793
nav_ui_pausescreenviewed,0.00017452006980802793
missionFailedFirstTime,0.00017452006980802793
ftueFreeBellsAcknowledged,0.00017452006980802793
weeklyRewards,0.00017452006980802793
updatePlayer,0.00017452006980802793
livesEvent,0.00017452006980802793
resource,0.00017452006980802793
gp_gm_finishlevel,0.00017452006980802793
photoUnlocked,0.00017452006980802793
lem_TravelToWorld,0.00017452006980802793
fin_de_sesion,0.00017452006980802793
requestHeart,0.00017452006980802793
missionStoryStarted,0.00017452006980802793
chef_upgrade_dialogue,0.00017452006980802793
endlessRunEnd,0.00017452006980802793
ftueBellsCollected,0.00017452006980802793
missionProgress,0.00017452006980802793
clientDBaseAction,0.00017452006980802793
livesBalanceChanged,0.00017452006980802793
bti_watch_videoForCoins,0.00017452006980802793
adBanner,0.00017452006980802793
upsellPopupClosed,0.00017452006980802793
dataPlayer,0.00017452006980802793
contentDownload,0.00017452006980802793
ftueLandmark,0.00017452006980802793
progression,0.00017452006980802793
guildJoined,0.00017452006980802793
inGameAdOffer,0.00017452006980802793
fd_coinPurchase,0.00017452006980802793
updateName,0.00017452006980802793
brainfreezePuzzle,0.00017452006980802793
itemsUsed,0.00017452006980802793
playerEngaged,0.00017452006980802793
fd_dailyMissionCompleted,0.00017452006980802793
ftue_tuto2_iniciado,0.00017452006980802793
skip,0.00017452006980802793
notificationSent,0.00017452006980802793
skill_used,0.00017452006980802793
reward_unclaimed,0.00017452006980802793
purchaseFail,0.00017452006980802793
tuto1_Pasado,0.00017452006980802793
team,0.00017452006980802793
googlep_connect,0.00017452006980802793
enableUnlimitedHeart,0.00017452006980802793
facebookShareButtonClicked,0.00017452006980802793
ad_Video_Failed,0.00017452006980802793
movimientos_Comprados,0.00017452006980802793
miniGameStarted,0.00017452006980802793
tutorialSkipPopupImpression,0.00017452006980802793
gate,0.00017452006980802793
questionSubmission,0.00017452006980802793
skippedTutorial,0.00017452006980802793
facebook_Post_pantalla_pasada,0.00017452006980802793
tutorialStepComplete,0.00017452006980802793
movie_watch,0.00017452006980802793
facebookConfirmation,0.00017452006980802793
item_incoming,0.00017452006980802793
entryScreenOpened,0.00017452006980802793
ad_Interstitial_Attempt,0.00017452006980802793
coins_pack2_purchaseComplete_game,0.00017452006980802793
levelLost,0.00017452006980802793
buttonPressed,0.00017452006980802793
replayLevel,0.00017452006980802793
freezetimeGet,0.00017452006980802793
ftue_facebook_menu,0.00017452006980802793
minigameAnswer,0.00017452006980802793
mfRemoveAdsFailed,0.00017452006980802793
tiltOn,0.00017452006980802793
mfBuyCoinsFailed,0.00017452006980802793
piggyBank,0.00017452006980802793
mfFirstGameCloseConfirmed,0.00017452006980802793
duelAIFinished,0.00017452006980802793
ddna_202_ViewGoldShop,0.00017452006980802793
sprocketSpeech,0.00017452006980802793
uniquePayingUser,0.00017452006980802793
tuto3_Pasado,0.00017452006980802793
bti_mygames_challenge_resuls_replay,0.00017452006980802793
chatMessageSent,0.00017452006980802793
eventPromoActionComplete,0.00017452006980802793
ftue_tuto5_terminado,0.00017452006980802793
bti_buyEnergyLarge,0.00017452006980802793
collectionEntered,0.00017452006980802793
seasonalEvent,0.00017452006980802793
mfBonusAwarded,0.00017452006980802793
playerLevelProgressEvent,0.00017452006980802793
unlockWaifu,0.00017452006980802793
coins_pack5_purchaseComplete_map,0.00017452006980802793
pressedPause,0.00017452006980802793
seasonalLevelStart,0.00017452006980802793
tutorialVerify,0.00017452006980802793
actionFTUE14,0.00017452006980802793
mfNotEnoughCoins,0.00017452006980802793
orbUsed,0.00017452006980802793
special_event_level_restart,0.00017452006980802793
lemmingDeaths,0.00017452006980802793
game_start,0.00017452006980802793
paygate_unlock_click,0.00017452006980802793
thumbPurchaseAttempt,0.00017452006980802793
userExpense,0.00017452006980802793
gachaPrize,0.00017452006980802793
heartflurrySelect,0.00017452006980802793
gameTutorialClosed,0.00017452006980802793
actionFTUE11,0.00017452006980802793
cuteyPuffCount,0.00017452006980802793
coins_pack4_purchaseComplete_map,0.00017452006980802793
loot,0.00017452006980802793
actionFTUE17,0.00017452006980802793
incorrectAttempt,0.00017452006980802793
interstitialAdView,0.00017452006980802793
cubesCollectedReward,0.00017452006980802793
boostersUsed,0.00017452006980802793
aviso_no_mover_aliens,0.00017452006980802793
facebook_login_success,0.00017452006980802793
settings_fb_btn,0.00017452006980802793
dailyLevelSuccess,0.00017452006980802793
boosterSelect,0.00017452006980802793
bankPopupClosed,0.00017452006980802793
prizeWon,0.00017452006980802793
missionEvent,0.00017452006980802793
redeemedChallenges,0.00017452006980802793
coins_pack6_purchaseFailed_map,0.00017452006980802793
decrease_gems,0.00017452006980802793
leaderboardWindowOpened,0.00017452006980802793
spinWheel_btn,0.00017452006980802793
characterCreated,0.00017452006980802793
tutorialPetSaved1,0.00017452006980802793
cpCrushReport,0.00017452006980802793
cuteyPuffEquipped,0.00017452006980802793
happening,0.00017452006980802793
matchStartedFromLeaderboard,0.00017452006980802793
pickupCollected,0.00017452006980802793
star_sinks_by_level,0.00017452006980802793
bti_results_mainmenu,0.00017452006980802793
spendMoney,0.00017452006980802793
mission,0.00017452006980802793
ddna_256_GetItem,0.00017452006980802793
bti_decline_challenge,0.00017452006980802793
vowel_I_purchaseAttempt,0.00017452006980802793
multitask_004,0.00017452006980802793
videoAdCompleted,0.00017452006980802793
levelFailure,0.00017452006980802793
movesRemaining,0.00017452006980802793
facebookConnectButtonPressed,0.00017452006980802793
emojiCharacterCollectionProgress,0.00017452006980802793
bragged,0.00017452006980802793
adInterstitial,0.00017452006980802793
adEvent,0.00017452006980802793
socialShare,0.00017452006980802793
changeAppearance,0.00017452006980802793
response,0.00017452006980802793
mfCoinsSpent,0.00017452006980802793
visitFacebook,0.00017452006980802793
rateTheApp,0.00017452006980802793
ruletaInicio,0.00017452006980802793
characterUnlockedEvent,0.00017452006980802793
opina_dislike,0.00017452006980802793
askFriends,0.00017452006980802793
coinsSink,0.00017452006980802793
progressGateReached,0.00017452006980802793
tutorialEnterWord,0.00017452006980802793
heartRefill,0.00017452006980802793
freeCuteBoxClaimed,0.00017452006980802793
mfFirstGameStarted,0.00017452006980802793
offerWallReceive,0.00017452006980802793
petbotUnequipped,0.00017452006980802793
chapterCompleted,0.00017452006980802793
shareScreenshot,0.00017452006980802793
tutorialPetSaved4,0.00017452006980802793
inicio_por_Push_de_vidas,0.00017452006980802793
adRequestFailed,0.00017452006980802793
osstartup,0.00017452006980802793
app_Launch,0.00017452006980802793
referral_link_referred_reward,0.00017452006980802793
battledisconnect,0.00017452006980802793
abtest,0.00017452006980802793
newLevelReached,0.00017452006980802793
powerUpsBalanceChanged,0.00017452006980802793
freeCoinsOfferCompleted,0.00017452006980802793
duelFinished,0.00017452006980802793
acceptMessageAll,0.00017452006980802793
ddna_103_LevelPlayed,0.00017452006980802793
userLevelUnlocked,0.00017452006980802793
lifeTransaction,0.00017452006980802793
modeSpentTime,0.00017452006980802793
keyEarned,0.00017452006980802793
coinStore_closed,0.00017452006980802793
cardDragged,0.00017452006980802793
locationStats,0.00017452006980802793
livesEmpty,0.00017452006980802793
ddna_301_ViewMessages,0.00017452006980802793
buyHurryUp,0.00017452006980802793
boosters_Comprados,0.00017452006980802793
clickedSkipLevel,0.00017452006980802793
interstitialStart,0.00017452006980802793
shop,0.00017452006980802793
remainingBundleTime,0.00017452006980802793
ruletaDerrota,0.00017452006980802793
chestOpen,0.00017452006980802793
actionFTUE9,0.00017452006980802793
interstitialShown,0.00017452006980802793
coins_pack2_purchaseAttempt_game,0.00017452006980802793
ecosystemStatistics,0.00017452006980802793
levelDashStarted,0.00017452006980802793
gateOpen,0.00017452006980802793
levelOverall,0.00017452006980802793
actionFTUE3,0.00017452006980802793
lifetimeCurrencyPurchased,0.00017452006980802793
justaMostrar,0.00017452006980802793
tutorialStepFBConnectOK32_211,0.00017452006980802793
gameServiceWasConnected,0.00017452006980802793
rewardAdWatched,0.00017452006980802793
pgsConnectFailed,0.00017452006980802793
bti_quit_challenge,0.00017452006980802793
chestShow,0.00017452006980802793
firstPurchase,0.00017452006980802793
bti_h2h_random_accept,0.00017452006980802793
gamePlay_start,0.00017452006980802793
gldVersion,0.00017452006980802793
coins_pack6_purchaseComplete_game,0.00017452006980802793
losePrompt_quit_btn,0.00017452006980802793
bti_mygames_current_accept,0.00017452006980802793
periodicBonus,0.00017452006980802793
booster_source,0.00017452006980802793
levelPass,0.00017452006980802793
missionProgressEvent,0.00017452006980802793
coins_pack2_purchaseFailed_map,0.00017452006980802793
dailyLoginClaimed,0.00017452006980802793
spinWheel_iap_purchaseAttempt,0.00017452006980802793
inviteFriends,0.00017452006980802793
coins_pack1_purchaseAttempt_game,0.00017452006980802793
ddna_201_ViewPermaShop,0.00017452006980802793
tutorialStage,0.00017452006980802793
dailyChallengeMenu,0.00017452006980802793
mfPlayerLogin,0.00017452006980802793
social_action,0.00017452006980802793
mfCloseButtonTouched,0.00017452006980802793
missionRunStart,0.00017452006980802793
bti_h2h_random,0.00017452006980802793
specialPrize,0.00017452006980802793
askForReview,0.00017452006980802793
worldMap,0.00017452006980802793
sendGridEmail,0.00017452006980802793
social_reward,0.00017452006980802793
skippedWatchingStory,0.00017452006980802793
noAdsSubscriptionTrialStarted,0.00017452006980802793
cutsceneMeter,0.00017452006980802793
characterLevelUpEvent,0.00017452006980802793
bti_h2h_facebook_friend_selected,0.00017452006980802793
mfFirstRowCleared,0.00017452006980802793
weeklyChallenge,0.00017452006980802793
sessionError,0.00017452006980802793
tutorialSectionComplete,0.00017452006980802793
vidas_Compradas_desde_dialogo_sin_vidas,0.00017452006980802793
buttonAction,0.00017452006980802793
endSession,0.00017452006980802793
weeklyBoosterSelect,0.00017452006980802793
practice,0.00017452006980802793
bti_mygames_current_continue,0.00017452006980802793
tutorialSquadWarStatueClicked02,0.00017452006980802793
troopTraitUpgraded,0.00017452006980802793
mfFirstGameCloseCancelled,0.00017452006980802793
fd_tutorial,0.00017452006980802793
winSequenceStart,0.00017452006980802793
puzzleCreated,0.00017452006980802793
seasonalBoosterUse,0.00017452006980802793
bti_tutorialStepStarted,0.00017452006980802793
cardDefeated,0.00017452006980802793
themeHuntItemFound,0.00017452006980802793
deeplinkValidation,0.00017452006980802793
localPushCancelled,0.00017452006980802793
starAchieved,0.00017452006980802793
specialOfferButton,0.00017452006980802793
missionCompletedAgain,0.00017452006980802793
ftue_tuto1_terminado,0.00017452006980802793
rateButtonClicked,0.00017452006980802793
homeButton,0.00017452006980802793
cloudLoadClose,0.00017452006980802793
inviteSelected,0.00017452006980802793
gameLoadFinished,0.00017452006980802793
ultima_pantalla_superada,0.00017452006980802793
enteredTutorialStep,0.00017452006980802793
loginExternal,0.00017452006980802793
ftue_popup_4_fillMeter,0.00017452006980802793
coins_pack3_purchaseAttempt_game,0.00017452006980802793
booster_sinks,0.00017452006980802793
demoVersionWindowCloseButtonClicked,0.00017452006980802793
catchphraseComplete,0.00017452006980802793
recipeUnlocked,0.00017452006980802793
windowOpen,0.00017452006980802793
nodeAbandoned,0.00017452006980802793
settings_btn,0.00017452006980802793
spin_wheel_reward,0.00017452006980802793
clearDebris,0.00017452006980802793
adShown,0.00017452006980802793
initial_cutscene_event,0.00017452006980802793
purchaseSuccess,0.00017452006980802793
purchaseStarted,0.00017452006980802793
item_outgoing,0.00017452006980802793
booster_used,0.00017452006980802793
pushSent,0.00017452006980802793
consumeCurrency,0.00017452006980802793
rvWatch,0.00017452006980802793
seasonalLevelSuccess,0.00017452006980802793
bubbleShooterLevel,0.00017452006980802793
gateOpened,0.00017452006980802793
livesStore,0.00017452006980802793
level_begin_event,0.00017452006980802793
ftue_popup_5_wallBounce,0.00017452006980802793
dailyEventRewardCollect,0.00017452006980802793
secondChance_btn,0.00017452006980802793
rate_game,0.00017452006980802793
mfBuyBoltsSucceeded,0.00017452006980802793
launch_by_notification,0.00017452006980802793
hangar,0.00017452006980802793
inventoryAdded,0.00017452006980802793
gp_gm_pauseappwhileplaying,0.00017452006980802793
transactionFailed,0.00017452006980802793
missionDeathTriggered,0.00017452006980802793
noMoreTurns,0.00017452006980802793
fTUELevel1Completed,0.00017452006980802793
announcementAcceptClicked,0.00017452006980802793
menu,0.00017452006980802793
tutorial_event,0.00017452006980802793
coins_pack4_purchaseAttempt_map,0.00017452006980802793
sendMove,0.00017452006980802793
fd_match3GameEnd,0.00017452006980802793
tiltOff,0.00017452006980802793
bti_connect_facebook,0.00017452006980802793
coins_pack3_purchaseComplete_map,0.00017452006980802793
refillEnergyTriggered,0.00017452006980802793
adViewed,0.00017452006980802793
starChest,0.00017452006980802793
buildings,0.00017452006980802793
minerRevived,0.00017452006980802793
firstInApp,0.00017452006980802793
minigameWon,0.00017452006980802793
cut_scene,0.00017452006980802793
playStarted,0.00017452006980802793
challengeComplete,0.00017452006980802793
actionFTUE2,0.00017452006980802793
move2,0.00017452006980802793
gameplay_end,0.00017452006980802793
receiveBehavior,0.00017452006980802793
spinWheel_open,0.00017452006980802793
game_ftueProgress,0.00017452006980802793
gachaCompleted,0.00017452006980802793
gameReset,0.00017452006980802793
ad_Video_Attempt,0.00017452006980802793
popup,0.00017452006980802793
multitask_003,0.00017452006980802793
questCompleted,0.00017452006980802793
nav_ui_levelpackselected,0.00017452006980802793
game_usePowerup,0.00017452006980802793
actionFTUE15,0.00017452006980802793
friend_invite,0.00017452006980802793
smoothie_Collect,0.00017452006980802793
tutorialPetDispensed2,0.00017452006980802793
nodeStarted,0.00017452006980802793
closePopup,0.00017452006980802793
battleTeamEvent,0.00017452006980802793
deviceRegistered,0.00017452006980802793
friendRequest,0.00017452006980802793
getItem,0.00017452006980802793
bti_noEnergy,0.00017452006980802793
tutorialSquadWarEventPointsClicked05,0.00017452006980802793
puzzle_Start,0.00017452006980802793
social_challenge,0.00017452006980802793
facebook,0.00017452006980802793
increase_gems,0.00017452006980802793
singularAttribution,0.00017452006980802793
item_outgoing_source,0.00017452006980802793
masteryChallengeEnded,0.00017452006980802793
ddna_305_SendMove,0.00017452006980802793
tutorialPetSaved2,0.00017452006980802793
bti_unlock_bundle,0.00017452006980802793
opina_mensaje,0.00017452006980802793
itemUnEquip,0.00017452006980802793
tournament,0.00017452006980802793
energyStatus,0.00017452006980802793
survey,0.00017452006980802793
inAppCancelled,0.00017452006980802793
star_source_by_level,0.00017452006980802793
fc_backShopShow,0.00017452006980802793
petRescued,0.00017452006980802793
tutorialJunkSaved3,0.00017452006980802793
friendJoined,0.00017452006980802793
facebookOfferPanelShareCompleted,0.00017452006980802793
challengeStart,0.00017452006980802793
facebookFriendBeatenShared,0.00017452006980802793
social_help,0.00017452006980802793
device,0.00017452006980802793
challengeend,0.00017452006980802793
skillCharged,0.00017452006980802793
seasonalEntered,0.00017452006980802793
purchaseCompleted,0.00017452006980802793
nav_ui_outofmonkeysviewed,0.00017452006980802793
fBLogout,0.00017452006980802793
optionsButtonPressed,0.00017452006980802793
limitedOfferShown,0.00017452006980802793
missionTurnP1,0.00017452006980802793
challengeEnded,0.00017452006980802793
weeklyLevelSuccess,0.00017452006980802793
sceneExit,0.00017452006980802793
loginShown,0.00017452006980802793
freeCoinsVideoWatched,0.00017452006980802793
puzzle_Complete,0.00017452006980802793
gachaEvolve,0.00017452006980802793
introVideoPlayed,0.00017452006980802793
launchedByNotification,0.00017452006980802793
tutorialBoxPickedUp,0.00017452006980802793
ftue_facebook_records,0.00017452006980802793
ruleta_ultima_oportunidad_Video_Visto,0.00017452006980802793
pauseWindowOpened,0.00017452006980802793
levelFail,0.00017452006980802793
playstart,0.00017452006980802793
battleSummary,0.00017452006980802793
pausePrompt_open,0.00017452006980802793
accelerateWorkbench,0.00017452006980802793
social_ask,0.00017452006980802793
mfStuck,0.00017452006980802793
bti_openPlayerProfile,0.00017452006980802793
showWheelReshuffle,0.00017452006980802793
bti_sendInvite,0.00017452006980802793
transactionCancelled,0.00017452006980802793
tutorialUseReveal,0.00017452006980802793
location,0.00017452006980802793
tutorialBoxDraggedToLocation2,0.00017452006980802793
loadingend,0.00017452006980802793
actionFTUE4,0.00017452006980802793
interstitialClicked,0.00017452006980802793
bti_main_menu_mygames,0.00017452006980802793
dDiffSegmChanged,0.00017452006980802793
gameSessionFinished,0.00017452006980802793
justaCheckpoint,0.00017452006980802793
characterLevelledUp,0.00017452006980802793
pauseMenu,0.00017452006980802793
chumPicked,0.00017452006980802793
actionFTUE20,0.00017452006980802793
ad_video_view_started,0.00017452006980802793
adsPlayed,0.00017452006980802793
friend_invite_accept,0.00017452006980802793
ruleta_ultima_oportunidad_Lanzada,0.00017452006980802793
ftue_popup_9_buySpin,0.00017452006980802793
mfUnblockTouched,0.00017452006980802793
tutorialAllPetsSafe2,0.00017452006980802793
vowel_U_purchaseAttempt,0.00017452006980802793
promoImageClicked,0.00017452006980802793
offerShown,0.00017452006980802793
diamondsSpent,0.00017452006980802793
bonusPlayed,0.00017452006980802793
tutorialSquadWarViewRewardClicked07,0.00017452006980802793
fb_btn_connect_menu,0.00017452006980802793
wentToWordSlide,0.00017452006980802793
initialBundleTime,0.00017452006980802793
nav_ui_gameoverscreenviewed,0.00017452006980802793
connectedToPalringo,0.00017452006980802793
arenaCompleted,0.00017452006980802793
bti_mygames_previous_challenge_replay,0.00017452006980802793
buildStarted,0.00017452006980802793
cuteyPuffShardGet,0.00017452006980802793
dailymissionstarted,0.00017452006980802793
ddna_002_RetryLevel,0.00017452006980802793
showReshuffle,0.00017452006980802793
facebook_virality_shares,0.00017452006980802793
desbloqueo,0.00017452006980802793
gp_gm_firstmoveaway,0.00017452006980802793
facebook_action,0.00017452006980802793
guiGO,0.00017452006980802793
heartOutFirst,0.00017452006980802793
battleforfeit,0.00017452006980802793
fd_sendRequest,0.00017452006980802793
gp_gm_outoflives,0.00017452006980802793
soClose,0.00017452006980802793
announcement_post_click,0.00017452006980802793
mfFirstGameFinished,0.00017452006980802793
coins_pack3_purchaseFailed_game,0.00017452006980802793
actionFTUE16,0.00017452006980802793
chef_upgrade_eligible_event,0.00017452006980802793
mainMenu_open,0.00017452006980802793
actionFTUE7,0.00017452006980802793
fd_buyToys,0.00017452006980802793
acceptMessageSome,0.00017452006980802793
playQuit,0.00017452006980802793
session_end,0.00017452006980802793
menuShown,0.00017452006980802793
buy,0.00017452006980802793
ftue_tuto1b_iniciado,0.00017452006980802793
bubbleImpression,0.00017452006980802793
