gameStarted,0.03943524829600779
newPlayer,0.03602726387536514
clientDevice,0.03359298928919182
transaction,0.028237585199610515
levelUp,0.013631937682570594
missionCompleted,0.012658227848101266
missionStarted,0.011197663096397274
gameEnded,0.009250243427458617
notificationOpened,0.008276533592989289
appsFlyerAttribution,0.008276533592989289
missionFailed,0.007302823758519961
options,0.006815968841285297
engageResponse,0.005355404089581304
notificationServices,0.005355404089581304
uiInteraction,0.004868549172346641
outOfGameSend,0.004381694255111977
missionAbandoned,0.0038948393378773127
matchWon,0.0029211295034079843
adShow,0.0029211295034079843
featureUnlocked,0.0029211295034079843
adClosed,0.0024342745861733205
matchLost,0.0024342745861733205
tutorialComplete,0.0024342745861733205
thumbPurchaseAttempt,0.0024342745861733205
adRequest,0.0019474196689386564
skillUpgraded,0.0019474196689386564
socialReward,0.0019474196689386564
interstitialAdShown,0.0019474196689386564
storeVisit,0.0019474196689386564
share,0.0019474196689386564
questCompleted,0.0019474196689386564
matchStarted,0.0019474196689386564
adsFreqSet,0.0019474196689386564
videoRewardAwarded,0.0019474196689386564
matchDrawn,0.0014605647517039922
itemCollected,0.0014605647517039922
heroLevelUp,0.0014605647517039922
heroUpgrade,0.0014605647517039922
gemsSpent,0.0014605647517039922
zoneComplete,0.0014605647517039922
shopEntered,0.0014605647517039922
playerLevelUp,0.0014605647517039922
matAttribution,0.0014605647517039922
adjustAttribution,0.0014605647517039922
craft,0.0014605647517039922
achievement,0.0014605647517039922
tutorialStepCompleted,0.0014605647517039922
missionOpened,0.0014605647517039922
chat,0.0014605647517039922
characterCreated,0.0014605647517039922
friendAdded,0.0009737098344693282
gameReset,0.0009737098344693282
ftueInteraction,0.0009737098344693282
tutorialProgress,0.0009737098344693282
guildJoined,0.0009737098344693282
clanAction,0.0009737098344693282
completeTutorialStep,0.0009737098344693282
reRoll,0.0009737098344693282
waveUp,0.0009737098344693282
socialConnect,0.0009737098344693282
imageMessageAction,0.0009737098344693282
startTurn,0.0009737098344693282
groupJoined,0.0009737098344693282
battleStarted,0.0009737098344693282
itemEquipped,0.0009737098344693282
shopItemPurchased,0.0009737098344693282
questStarted,0.0009737098344693282
firstNodeLoss,0.0009737098344693282
sessionEnd,0.0009737098344693282
intro,0.0009737098344693282
itemActioned,0.0009737098344693282
guildLeft,0.0009737098344693282
groupCreated,0.0009737098344693282
zone_complete,0.0009737098344693282
itemCrafted,0.0009737098344693282
jobCompleted,0.0009737098344693282
tutorialStarted,0.0009737098344693282
heroRankUp,0.0009737098344693282
friendRemoved,0.0009737098344693282
purchase,0.0009737098344693282
ftueLandmark,0.0009737098344693282
groupLeft,0.0009737098344693282
questComplete,0.0009737098344693282
levelStarted,0.0009737098344693282
groupDisbanded,0.0009737098344693282
unitPromote,0.0009737098344693282
tutorialEnd,0.0009737098344693282
usedPilot,0.0009737098344693282
collectPencil,0.0009737098344693282
achievementCompleted,0.0009737098344693282
tutorialStep,0.0009737098344693282
adStarted,0.0009737098344693282
error,0.0009737098344693282
diceLevelUp,0.0009737098344693282
fusion,0.0009737098344693282
firstBattleComplete,0.0009737098344693282
unitGained,0.0009737098344693282
level_up,0.0009737098344693282
taskCompleted,0.0009737098344693282
itemDropped,0.0009737098344693282
reward,0.0009737098344693282
heroUnlock,0.0009737098344693282
sessionInfo,0.0009737098344693282
sessionStart,0.0009737098344693282
rateMe,0.0009737098344693282
tutorialCompleted,0.0009737098344693282
class_select,0.0009737098344693282
endTurn,0.0009737098344693282
action,0.0009737098344693282
teamChange,0.0009737098344693282
dailySpin,0.0009737098344693282
login,0.0009737098344693282
dailyLogin,0.0009737098344693282
guildJoin,0.0009737098344693282
dropCompleted,0.0009737098344693282
mhOnlineGameDisconnected,0.0004868549172346641
attemptReset,0.0004868549172346641
tutorial42_click_on_zone_2_node_5,0.0004868549172346641
collectInfoTactics_S,0.0004868549172346641
promoCodeUse,0.0004868549172346641
postToSocialMedia,0.0004868549172346641
levelQuit,0.0004868549172346641
first_mission,0.0004868549172346641
tutorial_bfour_wave_three,0.0004868549172346641
specialOfferPopupClosed,0.0004868549172346641
renamePerson,0.0004868549172346641
ec_st_buy_pack1,0.0004868549172346641
storyguild_story_training_grounds,0.0004868549172346641
facilityTrainingInstant,0.0004868549172346641
tutorial_target_select,0.0004868549172346641
zone_2_node_4,0.0004868549172346641
friendRemove,0.0004868549172346641
refresh_PVP_group,0.0004868549172346641
zone_7_node_5,0.0004868549172346641
spellCasted,0.0004868549172346641
tutorial_collect_shaide,0.0004868549172346641
missionAttemptsRefill,0.0004868549172346641
cardRetired,0.0004868549172346641
tutorial_elemental_wheel,0.0004868549172346641
pvpConnectionStatusChange,0.0004868549172346641
heroSkinUnlocked,0.0004868549172346641
crossPromotionQuestEnded,0.0004868549172346641
zone_7_node_12,0.0004868549172346641
sogCardLeveledUp,0.0004868549172346641
tacticsScreenDisplayed,0.0004868549172346641
collectiblesExchanged,0.0004868549172346641
zone_7_node_2,0.0004868549172346641
levelStartedLoading,0.0004868549172346641
inviteFriend,0.0004868549172346641
firstNode6Select,0.0004868549172346641
join_alliance,0.0004868549172346641
mhOnlineGameFinished,0.0004868549172346641
quitGameConfirmPopupDisplayed,0.0004868549172346641
inGameEventRatingPopupDisplayed,0.0004868549172346641
characterCreate,0.0004868549172346641
liveOpsSyncEnd,0.0004868549172346641
gemsSpentAfterPurchase,0.0004868549172346641
changedControls,0.0004868549172346641
battlethree_collect_battle_3,0.0004868549172346641
zone_7_node_15,0.0004868549172346641
seasonReward,0.0004868549172346641
deckSlotPurchased,0.0004868549172346641
tutorial40_click_on_zone_2_node_3,0.0004868549172346641
tutJourney4,0.0004868549172346641
tutorial_strengths_and_weaknesses,0.0004868549172346641
offerwallRewarded,0.0004868549172346641
refreshQuickFight,0.0004868549172346641
purchaseProductStorePriceInEuroSuperiorOrEqualTo7_99,0.0004868549172346641
offerExpired,0.0004868549172346641
rmgTutorialCompleted,0.0004868549172346641
fbAutoSavePopupDisplayed,0.0004868549172346641
createGameFinished,0.0004868549172346641
inAppPurchaseCompleted,0.0004868549172346641
playerPortraitCloseConfirmPopupDisplayed,0.0004868549172346641
collectInfoUser,0.0004868549172346641
tutLevel1,0.0004868549172346641
uniqueBonusScreenPopupDisplayed,0.0004868549172346641
tutorial_battle_two,0.0004868549172346641
raidFinished,0.0004868549172346641
heroDied,0.0004868549172346641
itemTransferedToEntity,0.0004868549172346641
zone_2_node_7,0.0004868549172346641
bundleStartDownload,0.0004868549172346641
purchaseProductStorePriceInEuroSuperiorOrEqualTo19_99,0.0004868549172346641
guiInteraction,0.0004868549172346641
battlethree_campaign_click,0.0004868549172346641
totalTimePlayedInHourSuperiorTo12,0.0004868549172346641
wheelSpinAgainGems,0.0004868549172346641
letterDismissed,0.0004868549172346641
sfxChanged,0.0004868549172346641
zone_6_node_9,0.0004868549172346641
purchasePremiumSelected,0.0004868549172346641
battlethree_pre_battle_select,0.0004868549172346641
loginBonus,0.0004868549172346641
mhJourneyStarted,0.0004868549172346641
zone_7_node_1,0.0004868549172346641
adventureCompleted,0.0004868549172346641
slotMachinePlayedFree,0.0004868549172346641
shipmentRefresh,0.0004868549172346641
inGameEventBundlePopupFinished,0.0004868549172346641
propMined,0.0004868549172346641
timeTravelled,0.0004868549172346641
rmGemsReceived,0.0004868549172346641
evolveSpirit,0.0004868549172346641
calendarTimePlayedInDaySuperiorOrEqualTo3,0.0004868549172346641
tutLevel2,0.0004868549172346641
bossStart,0.0004868549172346641
redHarvestClicked,0.0004868549172346641
pushCampaignOpen,0.0004868549172346641
calendarTimePlayedInDaySuperiorOrEqualTo365,0.0004868549172346641
multiplayerGameEnded,0.0004868549172346641
firstGuild,0.0004868549172346641
firstQuest,0.0004868549172346641
starterPackPopupDisplayed,0.0004868549172346641
rank50,0.0004868549172346641
houseUpgradeCompleted,0.0004868549172346641
tacticUsed,0.0004868549172346641
trainingCompletedWithHC,0.0004868549172346641
gamePlatformLogin,0.0004868549172346641
fbShareButton,0.0004868549172346641
wheelSpun,0.0004868549172346641
gainingAFootholdQuest,0.0004868549172346641
zone_7_node_7,0.0004868549172346641
tutorials_skipped,0.0004868549172346641
totalTimePlayedInHourSuperiorTo6,0.0004868549172346641
changeBattleDeck,0.0004868549172346641
achievementRewardCollected,0.0004868549172346641
tutorial_select_zone,0.0004868549172346641
gameWorldLoaded,0.0004868549172346641
zone_1_node_4,0.0004868549172346641
businessError,0.0004868549172346641
customADServed,0.0004868549172346641
harvestStarted,0.0004868549172346641
missionStart,0.0004868549172346641
apartmentUnlocked,0.0004868549172346641
productViewed,0.0004868549172346641
tutorial_open_shaide,0.0004868549172346641
getExperience,0.0004868549172346641
tutorial38_click_on_zone_2_node_1,0.0004868549172346641
firstNode4Battle1Complete,0.0004868549172346641
zone_4_node_10,0.0004868549172346641
calendarDetailPopupClosed,0.0004868549172346641
adViewed,0.0004868549172346641
zone_2_node_1,0.0004868549172346641
challengeEnded,0.0004868549172346641
totalSpentAmountSuperiorTo500,0.0004868549172346641
zone_3_node_8,0.0004868549172346641
notificationsEnabled,0.0004868549172346641
tutorial_close_quests,0.0004868549172346641
ftueShowStep,0.0004868549172346641
gameUnpublished,0.0004868549172346641
attemptRewardVideo,0.0004868549172346641
initCoin,0.0004868549172346641
fbAutoSaveStateChanged,0.0004868549172346641
evolve_character,0.0004868549172346641
changeName,0.0004868549172346641
mhCharacterUsedSkill,0.0004868549172346641
inboxRewardReceived,0.0004868549172346641
gameSaveUploadPopupDisplayed,0.0004868549172346641
zone_1_node_10,0.0004868549172346641
photoBoothOpened,0.0004868549172346641
calendarDetailPopupDisplayed,0.0004868549172346641
main1,0.0004868549172346641
gain_coins,0.0004868549172346641
pc_spent,0.0004868549172346641
ec_st_buy_pack3,0.0004868549172346641
summon_horgrak,0.0004868549172346641
connectionError,0.0004868549172346641
appLoaded,0.0004868549172346641
petMastery,0.0004868549172346641
redeemPromocode,0.0004868549172346641
enemyHit,0.0004868549172346641
intro_video_skipped,0.0004868549172346641
endOfCareerScreenDisplayed,0.0004868549172346641
rank3,0.0004868549172346641
campsiteLeft,0.0004868549172346641
houseFurnitureBought,0.0004868549172346641
zone_7_node_4,0.0004868549172346641
doubleLoot,0.0004868549172346641
equipRune,0.0004868549172346641
firstShopPurchase,0.0004868549172346641
zone_3_node_1,0.0004868549172346641
firstNode10Complete,0.0004868549172346641
disciplineTraining,0.0004868549172346641
sogLevelFailed,0.0004868549172346641
energyReloadUsed,0.0004868549172346641
storePurchaseRestorationStarted,0.0004868549172346641
boyfriendAchieved,0.0004868549172346641
itemEquip,0.0004868549172346641
ta_gp_s_3_bridge,0.0004868549172346641
character_Level_Up,0.0004868549172346641
pictureTaken,0.0004868549172346641
purchaseProductStorePriceInEuroSuperiorOrEqualTo4_99,0.0004868549172346641
clickedOnZone2,0.0004868549172346641
narrationFakeTweetsDisplayed,0.0004868549172346641
firstPetPurchase,0.0004868549172346641
fbPermissionDeclinedOnFBPopupDisplayed,0.0004868549172346641
tacticAddedToTheDeck,0.0004868549172346641
purchaseProductStorePriceInEuroBetween10And20,0.0004868549172346641
customAdSuccess,0.0004868549172346641
skillSkip,0.0004868549172346641
cloudSaveFinished,0.0004868549172346641
levelCompletedOptObj,0.0004868549172346641
openChestGems,0.0004868549172346641
boundary,0.0004868549172346641
tutorial_waves,0.0004868549172346641
firstNode3Complete,0.0004868549172346641
downloading_assets_error,0.0004868549172346641
clan_new,0.0004868549172346641
currencyChange,0.0004868549172346641
clan_chestReceived,0.0004868549172346641
achievementCollected,0.0004868549172346641
heroUsage,0.0004868549172346641
start_minigame,0.0004868549172346641
battleEnd,0.0004868549172346641
heroCreated,0.0004868549172346641
storyguild_story_guild_hall,0.0004868549172346641
gamePublished,0.0004868549172346641
summon,0.0004868549172346641
characterChanged,0.0004868549172346641
openBox,0.0004868549172346641
gameDuplicated,0.0004868549172346641
rate_popup_showed,0.0004868549172346641
settingsScreenDisplayed,0.0004868549172346641
tutShopArmy,0.0004868549172346641
unlockChest,0.0004868549172346641
inGameEventStarted,0.0004868549172346641
zone_4_node_2,0.0004868549172346641
meetEnded,0.0004868549172346641
randomWorldEventSpawned,0.0004868549172346641
rank800,0.0004868549172346641
trainingReset,0.0004868549172346641
calendarTimePlayedInDaySuperiorOrEqualTo1,0.0004868549172346641
start_quest,0.0004868549172346641
mineralAdded,0.0004868549172346641
wheelSpinAgainCash,0.0004868549172346641
tutorial34_clicked_on_node_8,0.0004868549172346641
summon_guild_raid,0.0004868549172346641
mhPartyEnterArea,0.0004868549172346641
tapItem,0.0004868549172346641
heroEvolved,0.0004868549172346641
foragingStarted,0.0004868549172346641
openModal,0.0004868549172346641
disperseCamp,0.0004868549172346641
purchaseProductStorePriceInEuroSuperiorOrEqualTo1_99,0.0004868549172346641
missionSummary,0.0004868549172346641
rank25,0.0004868549172346641
facilitiesFirst,0.0004868549172346641
bonus_level_force_unlock,0.0004868549172346641
gdprPopUpViewed,0.0004868549172346641
wait_receipt_validation,0.0004868549172346641
changeOutfit,0.0004868549172346641
mhTraitLost,0.0004868549172346641
adsOpen,0.0004868549172346641
storePurchaseStarted,0.0004868549172346641
gymLevelUp,0.0004868549172346641
tennisClubFriendReminded,0.0004868549172346641
special_offer_expired,0.0004868549172346641
tutorialGestureStarted,0.0004868549172346641
voxelPlaced,0.0004868549172346641
openCraftUI,0.0004868549172346641
zone_2_node_8,0.0004868549172346641
end_rmg,0.0004868549172346641
rate_popup_later_clicked,0.0004868549172346641
friendMatchCancel,0.0004868549172346641
mhCookRecipe,0.0004868549172346641
arenaEnded,0.0004868549172346641
collectInfoStaff,0.0004868549172346641
rate_popup_rate_clicked,0.0004868549172346641
playerDie,0.0004868549172346641
zone_6_node_12,0.0004868549172346641
collectTimedGacha,0.0004868549172346641
gdprPopUpShown,0.0004868549172346641
purchaseProductStorePriceInEuroSuperiorOrEqualTo39_99,0.0004868549172346641
zone_7_node_9,0.0004868549172346641
adsCancel,0.0004868549172346641
ec_st_buy_pack6,0.0004868549172346641
oguryAdShown,0.0004868549172346641
zone_3_node_9,0.0004868549172346641
special_offer_bought,0.0004868549172346641
trophyChallenge,0.0004868549172346641
zone_5_node_4,0.0004868549172346641
purchasePrompt,0.0004868549172346641
purchaseProductStorePriceInEuroBetween20And30,0.0004868549172346641
firstNode4Battle1Enter,0.0004868549172346641
bonus_level_unlock_alien,0.0004868549172346641
startIAP,0.0004868549172346641
actionSkipped,0.0004868549172346641
zone_4_node_7,0.0004868549172346641
rmgCompleted,0.0004868549172346641
battle_resumed,0.0004868549172346641
gain_tarot,0.0004868549172346641
battleEnded,0.0004868549172346641
calendarTimePlayedInDaySuperiorOrEqualTo60,0.0004868549172346641
facebookDisconnect,0.0004868549172346641
missionObjective,0.0004868549172346641
staffNegoStarted,0.0004868549172346641
heroDeath,0.0004868549172346641
tutorial_battle_one,0.0004868549172346641
zone_6_node_8,0.0004868549172346641
familyHUD,0.0004868549172346641
itemSearched,0.0004868549172346641
eulaCompliance,0.0004868549172346641
tutorial_select_node_four,0.0004868549172346641
zone_6_node_4,0.0004868549172346641
adventureStarted,0.0004868549172346641
collectionFailed,0.0004868549172346641
createGameStarted,0.0004868549172346641
unlimitedEnergyStarted,0.0004868549172346641
hittingPartnersValidated,0.0004868549172346641
heroAbilityUsed,0.0004868549172346641
purchaseProductStorePriceInEuroSuperiorOrEqualTo5_99,0.0004868549172346641
gain_resource,0.0004868549172346641
zone1Hard,0.0004868549172346641
universeCreated,0.0004868549172346641
sogWaveAbandoned,0.0004868549172346641
outOfResource,0.0004868549172346641
magicLoaded,0.0004868549172346641
upgradeAbility,0.0004868549172346641
partyOrganized,0.0004868549172346641
heroMaxed,0.0004868549172346641
fashionShowSuggestionShown,0.0004868549172346641
costumePurchased,0.0004868549172346641
firstWheelSpinTravel,0.0004868549172346641
trainingCompletedWithTime,0.0004868549172346641
questClaim,0.0004868549172346641
contentCodeStarted,0.0004868549172346641
storyguild_story_guild_battlegrounds,0.0004868549172346641
upgrade_building,0.0004868549172346641
viewWrestler,0.0004868549172346641
cloudSavePopupDisplayed,0.0004868549172346641
tutJourney,0.0004868549172346641
calendarTimePlayedInDaySuperiorOrEqualTo14,0.0004868549172346641
purchaseCancel,0.0004868549172346641
loot_commander,0.0004868549172346641
app_Exception,0.0004868549172346641
leagueStarted,0.0004868549172346641
baseTraining,0.0004868549172346641
fbInviteFriends,0.0004868549172346641
craftMineral,0.0004868549172346641
ta_gp_s_8_temple,0.0004868549172346641
tutorialSteps,0.0004868549172346641
characterUpdated,0.0004868549172346641
pressEnhanceButton,0.0004868549172346641
guildInvite,0.0004868549172346641
tutorialPassive,0.0004868549172346641
battleDefeatRedirectFollowed,0.0004868549172346641
mainStorePurchase,0.0004868549172346641
pushCampaignConvert,0.0004868549172346641
skullBoxReward,0.0004868549172346641
economy,0.0004868549172346641
startOpening,0.0004868549172346641
disenchant_character,0.0004868549172346641
enemyDeath,0.0004868549172346641
characterEnded,0.0004868549172346641
challengeTrigger,0.0004868549172346641
rmgStarted,0.0004868549172346641
playerPortraitSaved,0.0004868549172346641
pvpMatchMade,0.0004868549172346641
sell,0.0004868549172346641
ec_st_buy_medium_pack,0.0004868549172346641
pvpHourlyReward,0.0004868549172346641
playerHit,0.0004868549172346641
mhAchievementTrigger,0.0004868549172346641
gacha_Summon,0.0004868549172346641
coinsChange,0.0004868549172346641
gameEnd,0.0004868549172346641
buyBooster,0.0004868549172346641
staffContractExpired,0.0004868549172346641
bossExpandedInventory,0.0004868549172346641
skillLearned,0.0004868549172346641
purchaseProductStorePriceInEuroSuperiorOrEqualTo49_99,0.0004868549172346641
tutPvP1,0.0004868549172346641
virtual_Item_Purchase,0.0004868549172346641
summon_commander,0.0004868549172346641
equipmentUnequipped,0.0004868549172346641
objectiveCompleted,0.0004868549172346641
challengeDailyRefresh,0.0004868549172346641
log_Error,0.0004868549172346641
bossForHireInspected,0.0004868549172346641
playerDied,0.0004868549172346641
zone_5_node_8,0.0004868549172346641
rmgRestarted,0.0004868549172346641
heroSpellLevelUp,0.0004868549172346641
careerLevelAchieved,0.0004868549172346641
totalTimePlayedInHourSuperiorTo3,0.0004868549172346641
playerPortraitScreenClosed,0.0004868549172346641
familyInteraction,0.0004868549172346641
tutorial25_clicked_on_battle_node_5,0.0004868549172346641
propsPlaced,0.0004868549172346641
cloudRestorePopupDisplayed,0.0004868549172346641
heroRecycle,0.0004868549172346641
firstNode5Enter,0.0004868549172346641
levelFinished,0.0004868549172346641
playerTeleportedToLandingPad,0.0004868549172346641
battlethree_shop_click,0.0004868549172346641
hittingPartnersDetailScreenDisplayed,0.0004868549172346641
tennisClubFriendCollected,0.0004868549172346641
gameLanguagePopupDisplayed,0.0004868549172346641
appRatingPostVirtualRatingResult,0.0004868549172346641
wheelSpinAgainFree,0.0004868549172346641
dailyLoginBonus,0.0004868549172346641
rank5,0.0004868549172346641
sogCardFused,0.0004868549172346641
poiCompleteReward,0.0004868549172346641
chatUse,0.0004868549172346641
partyJoined,0.0004868549172346641
levelAbandoned,0.0004868549172346641
zone_4_node_11,0.0004868549172346641
iapShop,0.0004868549172346641
totalSpentAmountBetween20And30,0.0004868549172346641
completeChapter,0.0004868549172346641
tutorial_goto_quest,0.0004868549172346641
careerChosen,0.0004868549172346641
diamond_to_energy_conversion,0.0004868549172346641
moveTrainingInstant,0.0004868549172346641
narrationFakeTweetsClosed,0.0004868549172346641
craftSomething,0.0004868549172346641
introVideoSkipped,0.0004868549172346641
purchasePremiumOpen,0.0004868549172346641
customAdFail,0.0004868549172346641
spend_coins,0.0004868549172346641
attackedZone2RainOfDeath,0.0004868549172346641
rewardedVideo,0.0004868549172346641
zone_4_node_1,0.0004868549172346641
quest_reclamada,0.0004868549172346641
questViewOpened,0.0004868549172346641
roomEnd,0.0004868549172346641
challengeProgress,0.0004868549172346641
quitGameConfirmButtonPressed,0.0004868549172346641
firstNode6Battle2Complete,0.0004868549172346641
cloudSaveStarted,0.0004868549172346641
ad_video_start,0.0004868549172346641
furnishingInteraction,0.0004868549172346641
gatherCamp,0.0004868549172346641
zone_4_node_3,0.0004868549172346641
fbLogout,0.0004868549172346641
ratingsShown,0.0004868549172346641
zone_4_node_8,0.0004868549172346641
tutorial_enter_name_screen,0.0004868549172346641
guildMessageOfTheDay,0.0004868549172346641
gameCenterOpened,0.0004868549172346641
towerStarted,0.0004868549172346641
second_quest,0.0004868549172346641
startCombat,0.0004868549172346641
foodEaten,0.0004868549172346641
mhEventFlagTriggered,0.0004868549172346641
daggerClicked,0.0004868549172346641
skillUpgrade,0.0004868549172346641
collectInfoPlayerCusto,0.0004868549172346641
matchComplete,0.0004868549172346641
tutorial_story_panel_1,0.0004868549172346641
clan_newMember,0.0004868549172346641
heroKilled,0.0004868549172346641
purchaseProductStorePriceInEuroBetween50And100,0.0004868549172346641
startRivalFight,0.0004868549172346641
rank15,0.0004868549172346641
firstNode4Select,0.0004868549172346641
playerPortraitChangeItemColor,0.0004868549172346641
dailyReward,0.0004868549172346641
moveTraining,0.0004868549172346641
openPremiumMarket,0.0004868549172346641
offerwallLoadingDisplayed,0.0004868549172346641
screenView,0.0004868549172346641
levelStartedPowerUp,0.0004868549172346641
tutorial46_click_on_zone_2_node_9,0.0004868549172346641
notificationSent,0.0004868549172346641
spellImprove,0.0004868549172346641
borrowRewardReceived,0.0004868549172346641
tutorial36_clicked_on_node_10,0.0004868549172346641
sogCardSummoned,0.0004868549172346641
playerProfileTabDisplayed,0.0004868549172346641
cardSummoned,0.0004868549172346641
pvpRatingChanged,0.0004868549172346641
gachaDone,0.0004868549172346641
inGameEventItemsChangeState,0.0004868549172346641
boutEnd,0.0004868549172346641
accessPassRefillUsed,0.0004868549172346641
zone_7_node_8,0.0004868549172346641
bossSlot,0.0004868549172346641
showTicketRequestList,0.0004868549172346641
trainingStarted,0.0004868549172346641
coinsItemPurchased,0.0004868549172346641
storePurchaseRestorationPopupDisplayed,0.0004868549172346641
interstitialStatus,0.0004868549172346641
goldSpent,0.0004868549172346641
purchaseCompletedOnSale,0.0004868549172346641
firstZoneComplete,0.0004868549172346641
tutorialDisconnect,0.0004868549172346641
buyItem,0.0004868549172346641
searchSuccess,0.0004868549172346641
zone_4_node_9,0.0004868549172346641
iAP,0.0004868549172346641
tutorial_quest_profile,0.0004868549172346641
firstTimeLaunch,0.0004868549172346641
takePhoto,0.0004868549172346641
ftue,0.0004868549172346641
sogUserLoginFailed,0.0004868549172346641
mineralRemoved,0.0004868549172346641
tutorial_break_crystal_longshot,0.0004868549172346641
notificationsDisabled,0.0004868549172346641
calendarTimePlayedInDaySuperiorOrEqualTo180,0.0004868549172346641
playerPortraitCloseConfirmPopupClosed,0.0004868549172346641
facilityTraining,0.0004868549172346641
buy_quick_combat_package,0.0004868549172346641
inboxClaimed,0.0004868549172346641
sogWaveCompleted,0.0004868549172346641
playerCollapsed,0.0004868549172346641
clanChat,0.0004868549172346641
screenChange,0.0004868549172346641
dailyRewardsScreenDisplayed,0.0004868549172346641
ad_video_end,0.0004868549172346641
itemTransferedFromEntity,0.0004868549172346641
rewardGacha,0.0004868549172346641
downloading_assets_finished,0.0004868549172346641
zone_3_node_4,0.0004868549172346641
rateAppChoice,0.0004868549172346641
zone_7_node_3,0.0004868549172346641
mission_Challenges,0.0004868549172346641
storyguild_story_guild_announcements,0.0004868549172346641
baseTrainingInstant,0.0004868549172346641
loading_time,0.0004868549172346641
tournamentStarted,0.0004868549172346641
tutorial_battle_three,0.0004868549172346641
selectLanguage,0.0004868549172346641
rank300,0.0004868549172346641
customAdRequest,0.0004868549172346641
staffNegoCompletedWithTime,0.0004868549172346641
failIAP,0.0004868549172346641
refresh_building,0.0004868549172346641
firstNode4Battle2Enter,0.0004868549172346641
collectPay,0.0004868549172346641
zone_4_node_5,0.0004868549172346641
sogUserRegister,0.0004868549172346641
buildStarted,0.0004868549172346641
betaCapePickup,0.0004868549172346641
clan_kick,0.0004868549172346641
zone_1_node_2,0.0004868549172346641
dailyRewardsCollected,0.0004868549172346641
ftueStep,0.0004868549172346641
interviewCoverScreenDisplayed,0.0004868549172346641
profileInfo,0.0004868549172346641
load_Time,0.0004868549172346641
friendMatchFailed,0.0004868549172346641
battleDefeatRedirectNotFollowed,0.0004868549172346641
engageTutorialHorgrak,0.0004868549172346641
install,0.0004868549172346641
tutorial_champs_popup,0.0004868549172346641
ec_st_buy_mini_pack,0.0004868549172346641
fbLoginStarted,0.0004868549172346641
userRegistered,0.0004868549172346641
zone_5_node_5,0.0004868549172346641
visitNeighbor,0.0004868549172346641
rank950,0.0004868549172346641
attemptIAP,0.0004868549172346641
restart_rmg,0.0004868549172346641
tutorial_buy_select,0.0004868549172346641
firstNode9Complete,0.0004868549172346641
sweepPOI,0.0004868549172346641
zone_6_node_5,0.0004868549172346641
heroSummoned,0.0004868549172346641
tutorial45_click_on_zone_2_node_8,0.0004868549172346641
mhPartyNewDay,0.0004868549172346641
videoWatched,0.0004868549172346641
missionStartedCampaign,0.0004868549172346641
slotMachinePlayed,0.0004868549172346641
firstNode5Complete,0.0004868549172346641
friendAdd,0.0004868549172346641
loginStart,0.0004868549172346641
cloudFirstStartScreenDisplayed,0.0004868549172346641
tutJourney3,0.0004868549172346641
openChestCoin,0.0004868549172346641
friendMatchDismiss,0.0004868549172346641
start_facilities,0.0004868549172346641
zone_6_node_1,0.0004868549172346641
tennisClubScreenDisplayed,0.0004868549172346641
mhTraitEarned,0.0004868549172346641
interviewScreenDisplayed,0.0004868549172346641
tutorial_target_attacked,0.0004868549172346641
acceptFriendRequest,0.0004868549172346641
currencyChanged,0.0004868549172346641
storeItem,0.0004868549172346641
useGUI,0.0004868549172346641
starterPackPopupClosed,0.0004868549172346641
clan_report,0.0004868549172346641
helpshiftGDPROptInChecked,0.0004868549172346641
addItem,0.0004868549172346641
firstNode3Select,0.0004868549172346641
appOpened,0.0004868549172346641
tutorialStart,0.0004868549172346641
collectAchievementReward,0.0004868549172346641
firstBattleSkill2,0.0004868549172346641
favoriteCreature,0.0004868549172346641
tutorial_bthree_wave_three,0.0004868549172346641
closeModal,0.0004868549172346641
gemsItemPurchased,0.0004868549172346641
storyguild_user_sees_notification,0.0004868549172346641
levelLoaded,0.0004868549172346641
leaderboard_week_win_claim,0.0004868549172346641
onboarding,0.0004868549172346641
ec_st_buy_pack2,0.0004868549172346641
mhJourneyEnded,0.0004868549172346641
guildPromotion,0.0004868549172346641
eventLevelStarted,0.0004868549172346641
marketRefresh,0.0004868549172346641
cargoPackedWithGems,0.0004868549172346641
storyguild_story_guild_portal,0.0004868549172346641
interstitialRewardCollected,0.0004868549172346641
endMissions,0.0004868549172346641
unlockShelterSlot,0.0004868549172346641
leaderboard_month_win_claim,0.0004868549172346641
customADFail,0.0004868549172346641
videoUnlock,0.0004868549172346641
skillReset,0.0004868549172346641
zone_5_node_13,0.0004868549172346641
ta_gp_s_6_cliffs_gate,0.0004868549172346641
guildRequestAccepted,0.0004868549172346641
tutorial28_clicked_on_buy,0.0004868549172346641
unitSpeedUpdated,0.0004868549172346641
zone_5_node_11,0.0004868549172346641
totalSpentAmountBetween100And200,0.0004868549172346641
notifPermissionPopupDisplayed,0.0004868549172346641
tutorial_shaide_quest_collection,0.0004868549172346641
questStopped,0.0004868549172346641
dollar_spent,0.0004868549172346641
spellChanged,0.0004868549172346641
totalSpentAmountBetween50And100,0.0004868549172346641
joinAlliance,0.0004868549172346641
townLeft,0.0004868549172346641
extraLife,0.0004868549172346641
playerPortraitSwitchItem,0.0004868549172346641
exit_battle,0.0004868549172346641
rejectFriendRequest,0.0004868549172346641
failRewardVideo,0.0004868549172346641
end_quest,0.0004868549172346641
itemDestroyed,0.0004868549172346641
inAppPurchase,0.0004868549172346641
cozGameStarted,0.0004868549172346641
firstIntro2,0.0004868549172346641
tutorial_leave_shop,0.0004868549172346641
zone_5_node_6,0.0004868549172346641
questStepCompleted,0.0004868549172346641
playerStep,0.0004868549172346641
useDrawing,0.0004868549172346641
yourBrothersKeeperClicked,0.0004868549172346641
iapFirstFeedbackFromStore,0.0004868549172346641
switchScreen,0.0004868549172346641
uiNavigation,0.0004868549172346641
buy,0.0004868549172346641
tutorial19_clicked_equip,0.0004868549172346641
houseBought,0.0004868549172346641
bossFail,0.0004868549172346641
dailyFirstConnection,0.0004868549172346641
temporaryContentPopupDisplayed,0.0004868549172346641
mhCharacterEnded,0.0004868549172346641
facebookLogin,0.0004868549172346641
zone_5_node_9,0.0004868549172346641
hittingPartnersScreenDisplayed,0.0004868549172346641
multiplayerGameStarted,0.0004868549172346641
questViewClosed,0.0004868549172346641
recipeProgression,0.0004868549172346641
bankConfirmPopupDisplayed,0.0004868549172346641
loadingTime,0.0004868549172346641
tutorial23_clicked_on_battle_node_4,0.0004868549172346641
totalSpentAmountBetween200And500,0.0004868549172346641
contentCodePopupDisplayed,0.0004868549172346641
scratcherPlayed,0.0004868549172346641
battleRevive,0.0004868549172346641
baseLoaded,0.0004868549172346641
uiEnterScreen,0.0004868549172346641
freeGemsReceived,0.0004868549172346641
gateReached,0.0004868549172346641
hallOfFameScreenDisplayed,0.0004868549172346641
cancelDailyAssignment,0.0004868549172346641
weatherEventOver,0.0004868549172346641
difficulty_game_start,0.0004868549172346641
missionRetreatedCampaign,0.0004868549172346641
end_minigame,0.0004868549172346641
scratcherPlayedGems,0.0004868549172346641
tutorial_break_crystal_shaide,0.0004868549172346641
centralParkSearch,0.0004868549172346641
bufferSize,0.0004868549172346641
lootRautha,0.0004868549172346641
giftRequest,0.0004868549172346641
purchaseProductStorePriceInEuroSuperiorOrEqualTo14_99,0.0004868549172346641
first_pvp_fight,0.0004868549172346641
firstNode6Battle1Enter,0.0004868549172346641
laboratorySpeedup,0.0004868549172346641
tutorial_quest_collection,0.0004868549172346641
challengeCollect,0.0004868549172346641
musicChanged,0.0004868549172346641
tutorial_plus_minus,0.0004868549172346641
cozCrash,0.0004868549172346641
attributeLevelUp,0.0004868549172346641
mailboxScreenDisplayed,0.0004868549172346641
zone_1_node_6,0.0004868549172346641
dailyBonusCollected,0.0004868549172346641
tacticRecommendationPopupDisplayed,0.0004868549172346641
guildFragmentRequestDonation,0.0004868549172346641
playerSpawnInventory,0.0004868549172346641
matchStartedGA,0.0004868549172346641
gameSaveUploadStarted,0.0004868549172346641
mailBoxCollected,0.0004868549172346641
openBlueprint,0.0004868549172346641
trainingCompleted,0.0004868549172346641
ec_st_buy_micro_pack,0.0004868549172346641
completeFirstQuestAfterCharCreate,0.0004868549172346641
inBattle,0.0004868549172346641
moneyConverted,0.0004868549172346641
levelFailed,0.0004868549172346641
matchMakingTimeMS,0.0004868549172346641
tradingTimeCompleted,0.0004868549172346641
updateSlots,0.0004868549172346641
zone_6_node_10,0.0004868549172346641
missionProgressed,0.0004868549172346641
voxelsPlaced,0.0004868549172346641
tutorial_bthree_victory,0.0004868549172346641
ftueSpeedUpNegociation,0.0004868549172346641
startQuestFight,0.0004868549172346641
attemptInterstitial,0.0004868549172346641
zone_6_node_7,0.0004868549172346641
tutorial_step_complete,0.0004868549172346641
bossForHireFeedback,0.0004868549172346641
launchGame,0.0004868549172346641
zone_7_node_16,0.0004868549172346641
buildFinished,0.0004868549172346641
pvpMatchFailed,0.0004868549172346641
tradingTimeStarted,0.0004868549172346641
sogCardCrystallized,0.0004868549172346641
facilitiesItemCollected,0.0004868549172346641
createAlliance,0.0004868549172346641
currencySink,0.0004868549172346641
notifPermissionPopupLater,0.0004868549172346641
petSearchStarted,0.0004868549172346641
clan_demote,0.0004868549172346641
tutorialView,0.0004868549172346641
rank100,0.0004868549172346641
gs_spent,0.0004868549172346641
updateStart,0.0004868549172346641
matchFinished,0.0004868549172346641
purchaseProductStorePriceInEuroSuperiorOrEqualTo9_99,0.0004868549172346641
androidBackButtonPressed,0.0004868549172346641
heroResurrect,0.0004868549172346641
charDeath,0.0004868549172346641
completeAchievement,0.0004868549172346641
openChest,0.0004868549172346641
staffNegoCompleted,0.0004868549172346641
tutorial_add_champ,0.0004868549172346641
firstIntro1,0.0004868549172346641
rankingModeChosen,0.0004868549172346641
firstNode2Complete,0.0004868549172346641
energyReloadUsed2,0.0004868549172346641
tutorial9_clicked_on_battle_node_2,0.0004868549172346641
challengeAccept,0.0004868549172346641
successInterstitial,0.0004868549172346641
sponsoredVideoPopupDisplayed,0.0004868549172346641
updateFacebookAccount,0.0004868549172346641
guildCreated,0.0004868549172346641
rank900,0.0004868549172346641
removeItem,0.0004868549172346641
rank4,0.0004868549172346641
playerProfileScreenDisplayed,0.0004868549172346641
guildDemotion,0.0004868549172346641
steamSales,0.0004868549172346641
mhCharacterBoughtUpgrade,0.0004868549172346641
storyDecisionSelected,0.0004868549172346641
zone_5_node_7,0.0004868549172346641
boutStart,0.0004868549172346641
levelCompleted,0.0004868549172346641
join_guild_first_time,0.0004868549172346641
borrowHeroReset,0.0004868549172346641
recover,0.0004868549172346641
tutorial_start_battle_three,0.0004868549172346641
mhPartyWiped,0.0004868549172346641
leaveAlliance,0.0004868549172346641
magicUsed,0.0004868549172346641
popUpDisplayed,0.0004868549172346641
playerLeft,0.0004868549172346641
tutorial_open_wheel,0.0004868549172346641
startQuickFight,0.0004868549172346641
loadTime,0.0004868549172346641
tutorialFinished,0.0004868549172346641
buy_card,0.0004868549172346641
reportError,0.0004868549172346641
spend_gem,0.0004868549172346641
cozCardToMission,0.0004868549172346641
checkedIn,0.0004868549172346641
storyguild_story_guild_trading_post,0.0004868549172346641
adComplete,0.0004868549172346641
openTicket,0.0004868549172346641
gameRated,0.0004868549172346641
startHistoryFight,0.0004868549172346641
merge,0.0004868549172346641
start_rmg,0.0004868549172346641
bonus_level_unlock_predator,0.0004868549172346641
tutorial_first_pre_battle_select,0.0004868549172346641
zone_2_node_6,0.0004868549172346641
pvpTurnTimeout,0.0004868549172346641
mapAreaLeave,0.0004868549172346641
firstLevelUp,0.0004868549172346641
metagameInitialised,0.0004868549172346641
gameLanguageUpdated,0.0004868549172346641
ec_st_buy_big_pack,0.0004868549172346641
heroOpened,0.0004868549172346641
pushNotificationReceived,0.0004868549172346641
daily_reward_claimed,0.0004868549172346641
ta_gp_s_4_lift_cave,0.0004868549172346641
defeat_zone7_node16_first_time,0.0004868549172346641
rewardedVideoStart,0.0004868549172346641
getReward,0.0004868549172346641
attribution,0.0004868549172346641
restart_battle,0.0004868549172346641
characterClass,0.0004868549172346641
mhMetaFlagUnlocked,0.0004868549172346641
checkedOut,0.0004868549172346641
careerStartOverScreenDisplayed,0.0004868549172346641
mhCharacterDeath,0.0004868549172346641
landExpansion,0.0004868549172346641
repairStarted,0.0004868549172346641
openChestGemsFree,0.0004868549172346641
setProfileType,0.0004868549172346641
iamgStarted,0.0004868549172346641
fbAutoSaveConflictPopupDisplayed,0.0004868549172346641
battle_guild_raid,0.0004868549172346641
tutorial_click_battle_3,0.0004868549172346641
firstNode8Complete,0.0004868549172346641
calendarSwitchSeason,0.0004868549172346641
leagueCompleted,0.0004868549172346641
removeRival,0.0004868549172346641
showChangeTactics,0.0004868549172346641
sellWrestler,0.0004868549172346641
acceptPushNotifications,0.0004868549172346641
ad_displayed,0.0004868549172346641
favoursReceived,0.0004868549172346641
firstNode6Battle2Enter,0.0004868549172346641
termsOfService,0.0004868549172346641
tutDivineArena,0.0004868549172346641
characterDeleted,0.0004868549172346641
clan_enter,0.0004868549172346641
rewardMission,0.0004868549172346641
levelRetry,0.0004868549172346641
statSpent,0.0004868549172346641
zone_7_node_10,0.0004868549172346641
tutLevel3,0.0004868549172346641
engageGeneralGrune,0.0004868549172346641
cubeOpen,0.0004868549172346641
undefinedEvent,0.0004868549172346641
tutorial_summons_click,0.0004868549172346641
tutorial43_click_on_zone_2_node_6,0.0004868549172346641
skillSwitch,0.0004868549172346641
appRatingVirtualRatingPopupDisplayed,0.0004868549172346641
subReward,0.0004868549172346641
tutorial_bthree_wave_two,0.0004868549172346641
pVP_Battle_Ended,0.0004868549172346641
calendarTimePlayedInDaySuperiorOrEqualTo90,0.0004868549172346641
customADRequest,0.0004868549172346641
helpshiftGDPRPopupDisplayed,0.0004868549172346641
neighborhoodUnlocked,0.0004868549172346641
totalTimePlayedInHourSuperiorTo48,0.0004868549172346641
itemUpgrade,0.0004868549172346641
registerTime,0.0004868549172346641
drinkPotion,0.0004868549172346641
statusReached,0.0004868549172346641
missionSimulatedCampaign,0.0004868549172346641
simulationSpeedChanged,0.0004868549172346641
rank1,0.0004868549172346641
firstPurchase,0.0004868549172346641
tutorial27_clicked_on_market,0.0004868549172346641
mhOnlineGameLoaded,0.0004868549172346641
notifPermissionPopupAccept,0.0004868549172346641
missionDismissed,0.0004868549172346641
iapGaminhoServerValidation,0.0004868549172346641
collectCurrency,0.0004868549172346641
ftueSpeedUpTraining,0.0004868549172346641
special_offer_swallowed,0.0004868549172346641
socialShare,0.0004868549172346641
dailyQuestCollected,0.0004868549172346641
finalSetSequenceEnded,0.0004868549172346641
tacticSellingConfirmPopupDisplayed,0.0004868549172346641
clan_apply,0.0004868549172346641
tutorial39_click_on_zone_2_node_2,0.0004868549172346641
sellItem,0.0004868549172346641
zone_5_node_1,0.0004868549172346641
firstNode1Complete,0.0004868549172346641
storyguild_story_guild_treasury,0.0004868549172346641
battleDefeatShown,0.0004868549172346641
missionComplete,0.0004868549172346641
zone_5_node_2,0.0004868549172346641
tutorial1_enter_name,0.0004868549172346641
facebookConnect,0.0004868549172346641
gamePlay,0.0004868549172346641
buy_stamina_package,0.0004868549172346641
pickupWeapon,0.0004868549172346641
mhNewCharacter,0.0004868549172346641
spinAgainCash,0.0004868549172346641
startBoost,0.0004868549172346641
questClaimed,0.0004868549172346641
playerDefeated,0.0004868549172346641
tutJourney5,0.0004868549172346641
inGameEventItemsCollectInfo,0.0004868549172346641
tacticsUsed,0.0004868549172346641
conversationDisplayed,0.0004868549172346641
adOffered,0.0004868549172346641
tutorial_bfour_wave_two,0.0004868549172346641
missionCompletedCampaign,0.0004868549172346641
tutorial_accpet_longshot,0.0004868549172346641
gameFreeze,0.0004868549172346641
powerUpUsed,0.0004868549172346641
matchStart,0.0004868549172346641
guildInspect,0.0004868549172346641
clickable_object_clicked,0.0004868549172346641
sogLevelCompleted,0.0004868549172346641
sendFriendRequest,0.0004868549172346641
rewardedVideoFinished,0.0004868549172346641
slotMachinePlayedCash,0.0004868549172346641
popupShow,0.0004868549172346641
fashionShowVoteRoundFinished,0.0004868549172346641
dailyLoginRewardCollected,0.0004868549172346641
attackTutorialHorgrak,0.0004868549172346641
searchFail,0.0004868549172346641
tutorial_add_xp,0.0004868549172346641
iapPurchased,0.0004868549172346641
appRatingPostVirtualRatingPopupDisplayed,0.0004868549172346641
firstCraftButton,0.0004868549172346641
cozMng,0.0004868549172346641
tutorial3_text_pop_up_2,0.0004868549172346641
tacticFinished,0.0004868549172346641
roomStart,0.0004868549172346641
firstPetEnchant,0.0004868549172346641
roomConstruction,0.0004868549172346641
zone_3_node_6,0.0004868549172346641
careerStartedOver,0.0004868549172346641
diamondSpend,0.0004868549172346641
rateAppStars,0.0004868549172346641
sogUserLogin,0.0004868549172346641
firstSkillUpgrade,0.0004868549172346641
showTacticsMenu,0.0004868549172346641
skill_gesture_score,0.0004868549172346641
tennisClubCreated,0.0004868549172346641
firstWheelButton,0.0004868549172346641
characterChange,0.0004868549172346641
firstMenuCurioSelected,0.0004868549172346641
zone_2_node_3,0.0004868549172346641
ec_enter_store,0.0004868549172346641
unlimitedEnergyFinished,0.0004868549172346641
friendRequest,0.0004868549172346641
first_quest,0.0004868549172346641
facebookLink,0.0004868549172346641
mhMetaFlagTriggered,0.0004868549172346641
ec_st_buy_pack5,0.0004868549172346641
social,0.0004868549172346641
secret_found,0.0004868549172346641
voxelMined,0.0004868549172346641
gain_gem,0.0004868549172346641
zone_1_node_7,0.0004868549172346641
friendAddBadId,0.0004868549172346641
tutorialGestureCompleted,0.0004868549172346641
conversationOptionChosen,0.0004868549172346641
inAppOfferStarted,0.0004868549172346641
laboratoryStart,0.0004868549172346641
firstJobsButton,0.0004868549172346641
rank500,0.0004868549172346641
levelReplay,0.0004868549172346641
chestOpened,0.0004868549172346641
fbLikeWelcomeToFBCommunityPopup,0.0004868549172346641
manaUsed,0.0004868549172346641
purchaseProductStorePriceInEuroInferiorTo10,0.0004868549172346641
tutorial_close_champs,0.0004868549172346641
chatterRead,0.0004868549172346641
buildSpeedup,0.0004868549172346641
storyguild_welcome_to_story_guild,0.0004868549172346641
facebookInviteSent,0.0004868549172346641
notificationOpen,0.0004868549172346641
book_of_Souls_Selected,0.0004868549172346641
tutorial_close_quest_loot,0.0004868549172346641
worldSaved,0.0004868549172346641
calendarTimePlayedInDaySuperiorOrEqualTo30,0.0004868549172346641
zone_1_node_5,0.0004868549172346641
carnivalRedeemComplete,0.0004868549172346641
passportCharacterChosen,0.0004868549172346641
character_create,0.0004868549172346641
campsiteReached,0.0004868549172346641
spinAgainGems,0.0004868549172346641
towerCompleted,0.0004868549172346641
ec_st_buy_giant_pack,0.0004868549172346641
instant,0.0004868549172346641
guildUpdateBasicInfo,0.0004868549172346641
energyReloadPurchased,0.0004868549172346641
gameSaveUploadFinished,0.0004868549172346641
facebookLogout,0.0004868549172346641
crossPromotionQuestStarted,0.0004868549172346641
gamecenterDisconnect,0.0004868549172346641
zone_2_node_2,0.0004868549172346641
partyOutfitShown,0.0004868549172346641
game_Start,0.0004868549172346641
gameTest,0.0004868549172346641
getMoreEnergyPopup,0.0004868549172346641
tutorial31_clicked_on_node_6,0.0004868549172346641
zone_6_node_3,0.0004868549172346641
iapOpened,0.0004868549172346641
purchaseProductStorePriceInEuroSuperiorOrEqualTo3_49,0.0004868549172346641
instaFollowPopupDisplayed,0.0004868549172346641
skillUnlocked,0.0004868549172346641
questTaskComplete,0.0004868549172346641
navigation,0.0004868549172346641
fbLikeButtonClicked,0.0004868549172346641
build,0.0004868549172346641
firstNode1Enter,0.0004868549172346641
ta_gp_s_7_town,0.0004868549172346641
tutorial,0.0004868549172346641
currencySource,0.0004868549172346641
collectInfoPlayer,0.0004868549172346641
zone_7_node_11,0.0004868549172346641
enhance,0.0004868549172346641
tutorial_bfour_victory,0.0004868549172346641
zone_7_node_6,0.0004868549172346641
zone_1_node_1,0.0004868549172346641
fireFighter,0.0004868549172346641
purchaseProductStorePriceInEuroSuperiorOrEqualTo0_99,0.0004868549172346641
collectAssignmentReward,0.0004868549172346641
townFurnitureBought,0.0004868549172346641
playerTired,0.0004868549172346641
chapterCompleted,0.0004868549172346641
zone_7_node_14,0.0004868549172346641
clan_denied,0.0004868549172346641
zone_6_node_6,0.0004868549172346641
rank200,0.0004868549172346641
sogNewPlayer,0.0004868549172346641
tutorial5_clicked_strike_ability,0.0004868549172346641
heroEquip,0.0004868549172346641
gameDeleted,0.0004868549172346641
rateUs,0.0004868549172346641
quest_completed,0.0004868549172346641
zone_2_node_5,0.0004868549172346641
bossDeleted,0.0004868549172346641
promoMessageViewed,0.0004868549172346641
firstBattleSelectCurio,0.0004868549172346641
pVP_Battle_Started,0.0004868549172346641
promoteWrestler,0.0004868549172346641
setExperimentClass,0.0004868549172346641
adsReward,0.0004868549172346641
tacticPopupDisplayed,0.0004868549172346641
tutSurvival,0.0004868549172346641
pvpPromotion,0.0004868549172346641
bundleRequested,0.0004868549172346641
updateSettings,0.0004868549172346641
clan_promote,0.0004868549172346641
showPopup,0.0004868549172346641
cloudRestoreFinished,0.0004868549172346641
collect_holdpoint_loot,0.0004868549172346641
downloading_assets_start,0.0004868549172346641
inGameEventBundlePopupStarted,0.0004868549172346641
pvpCompleted,0.0004868549172346641
ec_coins,0.0004868549172346641
tutorial44_click_on_zone_2_node_7,0.0004868549172346641
staffNegoCompletedWithHC,0.0004868549172346641
startSession,0.0004868549172346641
customization_start,0.0004868549172346641
zone_3_node_2,0.0004868549172346641
rank10,0.0004868549172346641
consume_resources,0.0004868549172346641
zone_3_node_5,0.0004868549172346641
playSlots,0.0004868549172346641
chapterReward,0.0004868549172346641
gachaPrompt,0.0004868549172346641
updateFinish,0.0004868549172346641
tutLevelUp,0.0004868549172346641
tutorial2_text_pop_up_1,0.0004868549172346641
slotMachinePlayedGems,0.0004868549172346641
battlethree_back_home,0.0004868549172346641
zone_1_node_8,0.0004868549172346641
equipmentEquipped,0.0004868549172346641
tutorialStepStarted,0.0004868549172346641
resetGame,0.0004868549172346641
inGameEventCollectInfo,0.0004868549172346641
bossChangedName,0.0004868549172346641
petEvolution,0.0004868549172346641
customAdCancel,0.0004868549172346641
notificationAlertSet,0.0004868549172346641
playerDeath,0.0004868549172346641
optionsChange,0.0004868549172346641
zone2,0.0004868549172346641
firstDaggerEquip,0.0004868549172346641
guildStatus,0.0004868549172346641
ftueMatchStep,0.0004868549172346641
firstPvpBattle,0.0004868549172346641
tutorial_bag_select,0.0004868549172346641
leagueFailed,0.0004868549172346641
exitGame,0.0004868549172346641
mhOnlineGameStarted,0.0004868549172346641
tutorial13_clicked_on_node_3,0.0004868549172346641
loot_horgrak,0.0004868549172346641
heroTraitUpgrade,0.0004868549172346641
game_center_logged_in,0.0004868549172346641
previewComplete,0.0004868549172346641
firstBattleSkill1,0.0004868549172346641
downloadAssetBundleOption,0.0004868549172346641
customADSuccess,0.0004868549172346641
rewardedVideoStarted,0.0004868549172346641
iamgCompleted,0.0004868549172346641
customization_end,0.0004868549172346641
notificationSubscribe,0.0004868549172346641
fbLoginFinished,0.0004868549172346641
movieCompleted,0.0004868549172346641
sogLevelStarted,0.0004868549172346641
propsMined,0.0004868549172346641
storyguild_story_guild_mail_box,0.0004868549172346641
travelPurchased,0.0004868549172346641
session_Start,0.0004868549172346641
cargoPacked,0.0004868549172346641
goldReceived,0.0004868549172346641
totalTimePlayedInHourSuperiorTo24,0.0004868549172346641
tutorial_complete,0.0004868549172346641
purchaseProductStorePriceInEuroSuperiorOrEqualTo99_99,0.0004868549172346641
ftueStartTraining,0.0004868549172346641
loadingScreenEnd,0.0004868549172346641
tutorial_open_quest,0.0004868549172346641
watch_game_Start,0.0004868549172346641
favoursSpent,0.0004868549172346641
totalSpentAmountBetween5And10,0.0004868549172346641
tutorial41_click_on_zone_2_node_4,0.0004868549172346641
retry,0.0004868549172346641
disciplineTrainingInstant,0.0004868549172346641
bonusCodeEntered,0.0004868549172346641
loadingScreenStart,0.0004868549172346641
mhCharacterNewDay,0.0004868549172346641
searchCancel,0.0004868549172346641
collect_treasury,0.0004868549172346641
reengagement,0.0004868549172346641
characterStarted,0.0004868549172346641
bossRefillEnergy,0.0004868549172346641
newWeekStarted,0.0004868549172346641
tutorialStateChanged,0.0004868549172346641
summonRautha,0.0004868549172346641
playerSpawn,0.0004868549172346641
gameCenterLoggedIn,0.0004868549172346641
troopCardElited,0.0004868549172346641
actionAfterCraft,0.0004868549172346641
battleStart,0.0004868549172346641
zone_3_node_3,0.0004868549172346641
tutJourney1,0.0004868549172346641
heroLoadout,0.0004868549172346641
newVersionQuery,0.0004868549172346641
eulaShown,0.0004868549172346641
firstNode4Battle2Complete,0.0004868549172346641
zone_1_node_3,0.0004868549172346641
zone_5_node_12,0.0004868549172346641
purchaseProductStorePriceInEuroBetween30And50,0.0004868549172346641
structureMoved,0.0004868549172346641
firstLaunch,0.0004868549172346641
enter_battle,0.0004868549172346641
playerJoined,0.0004868549172346641
tutorial_welcome_warrior,0.0004868549172346641
inGameEventRated,0.0004868549172346641
totalTimePlayedInHourSuperiorTo1,0.0004868549172346641
death,0.0004868549172346641
attemptHurry,0.0004868549172346641
first_time_player,0.0004868549172346641
inGameEventBundlePopupDisplayed,0.0004868549172346641
zone_6_node_2,0.0004868549172346641
firstNode3Enter,0.0004868549172346641
cardDismissed,0.0004868549172346641
pvpStall,0.0004868549172346641
levelRaid,0.0004868549172346641
energyRefilled,0.0004868549172346641
offerwallOpened,0.0004868549172346641
talentSelected,0.0004868549172346641
openGacha,0.0004868549172346641
trainingStart,0.0004868549172346641
inviteReceived,0.0004868549172346641
start_citadel,0.0004868549172346641
rank400,0.0004868549172346641
storyguild_story_guild_expired,0.0004868549172346641
dataFail,0.0004868549172346641
hireFighter,0.0004868549172346641
offerBought,0.0004868549172346641
energyRefill,0.0004868549172346641
tutJourney2,0.0004868549172346641
enemyKilled,0.0004868549172346641
friendMatchMade,0.0004868549172346641
rewardedVideoGiven,0.0004868549172346641
tutorial_close_shaide,0.0004868549172346641
calendarDisplayed,0.0004868549172346641
interviewCoverShared,0.0004868549172346641
completedDailyAssignment,0.0004868549172346641
secretAreaNotificationClicked,0.0004868549172346641
pvpTicketsRestore,0.0004868549172346641
keepAlive,0.0004868549172346641
rank2,0.0004868549172346641
flagQuest,0.0004868549172346641
tennisClubFriendEncouraged,0.0004868549172346641
itemDiscarded,0.0004868549172346641
err,0.0004868549172346641
backButton,0.0004868549172346641
iapPromotionPurchaseConfirmPopupDisplayed,0.0004868549172346641
playerPortraitScreenDisplayed,0.0004868549172346641
dailyRewardsScreenClosed,0.0004868549172346641
finishCombat,0.0004868549172346641
bossComplete,0.0004868549172346641
giftReceived,0.0004868549172346641
facebookAppInvite,0.0004868549172346641
zone_5_node_3,0.0004868549172346641
firstNode2Select,0.0004868549172346641
obstacleCleared,0.0004868549172346641
tutorial_long_press_function,0.0004868549172346641
specialOfferPopupDisplayed,0.0004868549172346641
ec_st_buy_max_pack,0.0004868549172346641
shipmentPurchase,0.0004868549172346641
rmgTutorialStarted,0.0004868549172346641
tutorial35_clicked_on_node_9,0.0004868549172346641
rank600,0.0004868549172346641
levelChanged,0.0004868549172346641
userLogin,0.0004868549172346641
heroGained,0.0004868549172346641
lowEnergy,0.0004868549172346641
adAvailable,0.0004868549172346641
friendAction,0.0004868549172346641
buy_resource,0.0004868549172346641
errors,0.0004868549172346641
gain_character,0.0004868549172346641
tacticSold,0.0004868549172346641
tutCompleted,0.0004868549172346641
insufficientCurrency,0.0004868549172346641
salonItemPurchased,0.0004868549172346641
purchaseProductStorePriceInEuroSuperiorOrEqualTo29_99,0.0004868549172346641
friendMatchAccept,0.0004868549172346641
userConnectAccount,0.0004868549172346641
loginFinish,0.0004868549172346641
arenaStarted,0.0004868549172346641
pvpStarted,0.0004868549172346641
collectInfoTraining_L,0.0004868549172346641
firstNode5Select,0.0004868549172346641
firstNode6Battle1Complete,0.0004868549172346641
friendMatchSent,0.0004868549172346641
mapAreaEnter,0.0004868549172346641
zone_5_node_10,0.0004868549172346641
lootPickedUp,0.0004868549172346641
zone_2_node_9,0.0004868549172346641
bankConfirmPopupClosed,0.0004868549172346641
tournamentFinished,0.0004868549172346641
stashChanged,0.0004868549172346641
wellbeingLevelChanged,0.0004868549172346641
finalSetTacticPicked,0.0004868549172346641
passportAppears,0.0004868549172346641
roundStart,0.0004868549172346641
voxelsMined,0.0004868549172346641
openChestCoinFree,0.0004868549172346641
firstNode1Select,0.0004868549172346641
appStart,0.0004868549172346641
playerRetired,0.0004868549172346641
propPlaced,0.0004868549172346641
firstNode7Complete,0.0004868549172346641
lootingARaid,0.0004868549172346641
equip,0.0004868549172346641
yachtArrived,0.0004868549172346641
cloudRestoreStarted,0.0004868549172346641
ec_st_buy_pack4,0.0004868549172346641
totalSpentAmountBetween30And50,0.0004868549172346641
mhCharacterCampActivity,0.0004868549172346641
ftueGetProLicence,0.0004868549172346641
support,0.0004868549172346641
loadingScreen,0.0004868549172346641
zone_6_node_11,0.0004868549172346641
tutorial_waves_battle_3,0.0004868549172346641
tutorial_remove_champ,0.0004868549172346641
zone_7_node_13,0.0004868549172346641
firstLaunchGame,0.0004868549172346641
buyConsumable,0.0004868549172346641
third_quest,0.0004868549172346641
collectInfoRanking,0.0004868549172346641
adPresented,0.0004868549172346641
analyticsInitialised,0.0004868549172346641
openPremiumInfo,0.0004868549172346641
ad_clicked,0.0004868549172346641
directPurchase,0.0004868549172346641
townReached,0.0004868549172346641
rank700,0.0004868549172346641
gameEdit,0.0004868549172346641
zone_4_node_4,0.0004868549172346641
checkInFail,0.0004868549172346641
newssubscribed,0.0004868549172346641
searchOpponent,0.0004868549172346641
totalSpentAmountBetween10And15,0.0004868549172346641
fashionShowRoundEntered,0.0004868549172346641
storePurchaseFinished,0.0004868549172346641
calendarTimePlayedInDaySuperiorOrEqualTo7,0.0004868549172346641
fbGDPRPopupDisplayed,0.0004868549172346641
guildMessage,0.0004868549172346641
showScreen,0.0004868549172346641
enchant,0.0004868549172346641
purchaseShopItem,0.0004868549172346641
firstNode2Enter,0.0004868549172346641
ta_gp_s_5_port,0.0004868549172346641
zone_3_node_7,0.0004868549172346641
zone_4_node_6,0.0004868549172346641
customerSupportScreenDisplayed,0.0004868549172346641
gamecenterConnect,0.0004868549172346641
bossCreated,0.0004868549172346641
collectiblePickup,0.0004868549172346641
tutorial32_clicked_on_node_7,0.0004868549172346641
enemyKilled2,0.0004868549172346641
attributionUpdate,0.0004868549172346641
fbLikePopupDisplayed,0.0004868549172346641
bankScreenDisplayed,0.0004868549172346641
trainingEnd,0.0004868549172346641
totalSpentAmountBetween15And20,0.0004868549172346641
video,0.0004868549172346641
openGachaRewards,0.0004868549172346641
unlockedAchievement,0.0004868549172346641
bundleEndDownload,0.0004868549172346641
quest_Finished,0.0004868549172346641
appOpenedFromPushNotif,0.0004868549172346641
instaFollowButtonClicked,0.0004868549172346641
islandUnlocked,0.0004868549172346641
inviteSent,0.0004868549172346641
zone_1_node_9,0.0004868549172346641
staffContractTerminated,0.0004868549172346641
defeatGeneralGrune,0.0004868549172346641
tutorial_cooldown,0.0004868549172346641
clan_exit,0.0004868549172346641
staffContractExtended,0.0004868549172346641
playerPortraitSwitchItemCategory,0.0004868549172346641
daily_Reward,0.0004868549172346641
